"year","ctr_code","RGN21NM","geography_code","geography_name","sex_name","age_code","LE","QALE"
2019,"E","East Midlands","E06000015","Derby","Female",0,81.8257566933557,66.0469962164886
2019,"E","East Midlands","E06000016","Leicester","Female",0,81.7428514595597,66.008820876164
2019,"E","East Midlands","E06000017","Rutland","Female",0,86.1552558547527,69.3702429874997
2019,"E","East Midlands","E06000018","Nottingham","Female",0,81.1910146507219,65.5654818278744
2019,"E","East Midlands","E06000061","North Northamptonshire","Female",0,82.7044553964445,66.7212200514828
2019,"E","East Midlands","E06000062","West Northamptonshire","Female",0,83.0918495569737,67.0090418712814
2019,"E","East Midlands","E07000032","Amber Valley","Female",0,83.6266732676824,67.4421153741388
2019,"E","East Midlands","E07000033","Bolsover","Female",0,82.7540482991675,66.7974188038968
2019,"E","East Midlands","E07000034","Chesterfield","Female",0,82.1086198166263,66.2821636537021
2019,"E","East Midlands","E07000035","Derbyshire Dales","Female",0,85.7368190994389,69.0523554614085
2019,"E","East Midlands","E07000036","Erewash","Female",0,82.8926664532428,66.8576868861201
2019,"E","East Midlands","E07000037","High Peak","Female",0,83.411382543793,67.2912317718375
2019,"E","East Midlands","E07000038","North East Derbyshire","Female",0,83.4010477512323,67.2803341829775
2019,"E","East Midlands","E07000039","South Derbyshire","Female",0,83.6323925589295,67.4233709417347
2019,"E","East Midlands","E07000129","Blaby","Female",0,85.7004661049593,69.0328415189387
2019,"E","East Midlands","E07000130","Charnwood","Female",0,84.1565110801325,67.8261670321976
2019,"E","East Midlands","E07000131","Harborough","Female",0,85.3302348649894,68.7411999934197
2019,"E","East Midlands","E07000132","Hinckley and Bosworth","Female",0,83.8671974611396,67.6068801570581
2019,"E","East Midlands","E07000133","Melton","Female",0,85.0158934781805,68.5012704899663
2019,"E","East Midlands","E07000134","North West Leicestershire","Female",0,84.0702441774136,67.7849962903551
2019,"E","East Midlands","E07000135","Oadby and Wigston","Female",0,84.886196988511,68.4187914891359
2019,"E","East Midlands","E07000136","Boston","Female",0,83.0609309010269,67.0107167539465
2019,"E","East Midlands","E07000137","East Lindsey","Female",0,82.0881978643428,66.262843190925
2019,"E","East Midlands","E07000138","Lincoln","Female",0,81.2044152592044,65.5744059767019
2019,"E","East Midlands","E07000139","North Kesteven","Female",0,83.9005749795497,67.6635276079657
2019,"E","East Midlands","E07000140","South Holland","Female",0,83.8406534845119,67.6030320293964
2019,"E","East Midlands","E07000141","South Kesteven","Female",0,84.5575000851943,68.1547144927387
2019,"E","East Midlands","E07000142","West Lindsey","Female",0,84.3755763693416,68.018996413931
2019,"E","East Midlands","E07000170","Ashfield","Female",0,81.8503581308913,66.0650823572178
2019,"E","East Midlands","E07000171","Bassetlaw","Female",0,82.6811063751369,66.7177373906679
2019,"E","East Midlands","E07000172","Broxtowe","Female",0,83.1796832873109,67.0947437110268
2019,"E","East Midlands","E07000173","Gedling","Female",0,83.5797491613399,67.4089739955149
2019,"E","East Midlands","E07000174","Mansfield","Female",0,81.4965273785562,65.7993931387327
2019,"E","East Midlands","E07000175","Newark and Sherwood","Female",0,83.0711309163531,66.9962990238414
2019,"E","East Midlands","E07000176","Rushcliffe","Female",0,85.2231730566437,68.6514726508226
2019,"E","East Midlands","E06000015","Derby","Male",0,78.0262474368321,65.8221146402128
2019,"E","East Midlands","E06000016","Leicester","Male",0,77.1169144542821,65.1105678397374
2019,"E","East Midlands","E06000017","Rutland","Male",0,84.1776783543199,70.696662725034
2019,"E","East Midlands","E06000018","Nottingham","Male",0,76.8288705583602,64.8915128919808
2019,"E","East Midlands","E06000061","North Northamptonshire","Male",0,79.4605540720925,66.9723211371998
2019,"E","East Midlands","E06000062","West Northamptonshire","Male",0,80.0383699202775,67.4100139962537
2019,"E","East Midlands","E07000032","Amber Valley","Male",0,80.1903018142412,67.551604224405
2019,"E","East Midlands","E07000033","Bolsover","Male",0,78.6352987754434,66.3409285007389
2019,"E","East Midlands","E07000034","Chesterfield","Male",0,78.2733784388193,66.0160949507458
2019,"E","East Midlands","E07000035","Derbyshire Dales","Male",0,82.4403529201209,69.3337760232803
2019,"E","East Midlands","E07000036","Erewash","Male",0,79.2578380412977,66.8164612098401
2019,"E","East Midlands","E07000037","High Peak","Male",0,79.6344766485142,67.0837114917844
2019,"E","East Midlands","E07000038","North East Derbyshire","Male",0,80.1982042371434,67.5627095105297
2019,"E","East Midlands","E07000039","South Derbyshire","Male",0,79.7157621396568,67.1694744799014
2019,"E","East Midlands","E07000129","Blaby","Male",0,81.8869786525489,68.897174709712
2019,"E","East Midlands","E07000130","Charnwood","Male",0,80.4960681281899,67.7853393281983
2019,"E","East Midlands","E07000131","Harborough","Male",0,82.1080503630091,69.0459245971849
2019,"E","East Midlands","E07000132","Hinckley and Bosworth","Male",0,80.8959231852734,68.1033855765596
2019,"E","East Midlands","E07000133","Melton","Male",0,82.0019297718142,69.0026957527959
2019,"E","East Midlands","E07000134","North West Leicestershire","Male",0,80.2770079410385,67.6270709580112
2019,"E","East Midlands","E07000135","Oadby and Wigston","Male",0,80.4865623947181,67.7803741073275
2019,"E","East Midlands","E07000136","Boston","Male",0,78.1378994780877,65.9380175375539
2019,"E","East Midlands","E07000137","East Lindsey","Male",0,78.981164804679,66.5986723493033
2019,"E","East Midlands","E07000138","Lincoln","Male",0,76.7407072219292,64.7953911950564
2019,"E","East Midlands","E07000139","North Kesteven","Male",0,81.0096531895733,68.2144350404747
2019,"E","East Midlands","E07000140","South Holland","Male",0,80.1299358050324,67.4820600717345
2019,"E","East Midlands","E07000141","South Kesteven","Male",0,81.2331472553447,68.3627014683165
2019,"E","East Midlands","E07000142","West Lindsey","Male",0,80.6810076312757,67.9394491900619
2019,"E","East Midlands","E07000170","Ashfield","Male",0,78.6778976118555,66.3643160761254
2019,"E","East Midlands","E07000171","Bassetlaw","Male",0,79.379235756675,66.8909965580449
2019,"E","East Midlands","E07000172","Broxtowe","Male",0,80.6775839342887,67.9383657670177
2019,"E","East Midlands","E07000173","Gedling","Male",0,80.4750326954394,67.7755777589286
2019,"E","East Midlands","E07000174","Mansfield","Male",0,78.3497051661437,66.1116364481065
2019,"E","East Midlands","E07000175","Newark and Sherwood","Male",0,80.5008937117326,67.7899738245115
2019,"E","East Midlands","E07000176","Rushcliffe","Male",0,82.6207390864414,69.4464648003736
2019,"E","East of England","E06000031","Peterborough","Female",0,82.7046295510862,67.2323171814217
2019,"E","East of England","E06000032","Luton","Female",0,82.4982878106455,67.0744864411895
2019,"E","East of England","E06000033","Southend-on-Sea","Female",0,83.1064701356909,67.5611893088277
2019,"E","East of England","E06000034","Thurrock","Female",0,82.7701039085258,67.3119862950546
2019,"E","East of England","E06000055","Bedford","Female",0,83.3812883621537,67.7440644550081
2019,"E","East of England","E06000056","Central Bedfordshire","Female",0,84.3328545283554,68.4688440483165
2019,"E","East of England","E07000008","Cambridge","Female",0,85.0644944942418,69.0375085569346
2019,"E","East of England","E07000009","East Cambridgeshire","Female",0,85.4809969503224,69.3536950209165
2019,"E","East of England","E07000010","Fenland","Female",0,82.2234772727159,66.8531185137995
2019,"E","East of England","E07000011","Huntingdonshire","Female",0,84.6135518245574,68.704223755765
2019,"E","East of England","E07000012","South Cambridgeshire","Female",0,86.2133904705922,69.8774801148583
2019,"E","East of England","E07000066","Basildon","Female",0,83.3360460278303,67.7183582508998
2019,"E","East of England","E07000067","Braintree","Female",0,83.6884269470803,68.0204136442143
2019,"E","East of England","E07000068","Brentwood","Female",0,85.3395637550838,69.2548478172951
2019,"E","East of England","E07000069","Castle Point","Female",0,84.102139227476,68.3121752643157
2019,"E","East of England","E07000070","Chelmsford","Female",0,84.867090181022,68.8986295383505
2019,"E","East of England","E07000071","Colchester","Female",0,84.0248632333778,68.2430323543938
2019,"E","East of England","E07000072","Epping Forest","Female",0,84.346174789614,68.518488531592
2019,"E","East of England","E07000073","Harlow","Female",0,83.1236448790185,67.5810964447354
2019,"E","East of England","E07000074","Maldon","Female",0,84.4213018256157,68.5796953855158
2019,"E","East of England","E07000075","Rochford","Female",0,84.6448570351286,68.6996373269138
2019,"E","East of England","E07000076","Tendring","Female",0,82.4275835507048,67.0206103895137
2019,"E","East of England","E07000077","Uttlesford","Female",0,85.7213962302519,69.5326282989609
2019,"E","East of England","E07000095","Broxbourne","Female",0,84.4689049017687,68.5870104022746
2019,"E","East of England","E07000096","Dacorum","Female",0,84.5089427001108,68.6238350938034
2019,"E","East of England","E07000098","Hertsmere","Female",0,85.0892068465433,69.0715236378341
2019,"E","East of England","E07000099","North Hertfordshire","Female",0,84.5705275977641,68.6740506250812
2019,"E","East of England","E07000102","Three Rivers","Female",0,84.9321473339021,68.9692386662566
2019,"E","East of England","E07000103","Watford","Female",0,83.2433193600298,67.6960326976541
2019,"E","East of England","E07000143","Breckland","Female",0,84.0196842416766,68.2391379512483
2019,"E","East of England","E07000144","Broadland","Female",0,85.6520338468025,69.5037021081808
2019,"E","East of England","E07000145","Great Yarmouth","Female",0,83.4741351835725,67.8377097248908
2019,"E","East of England","E07000146","King's Lynn and West Norfolk","Female",0,83.4046501621183,67.7576920606257
2019,"E","East of England","E07000147","North Norfolk","Female",0,85.3797141285917,69.2709658507518
2019,"E","East of England","E07000148","Norwich","Female",0,83.0008293196221,67.4448391089582
2019,"E","East of England","E07000149","South Norfolk","Female",0,85.4143002921182,69.2917549208781
2019,"E","East of England","E07000200","Babergh","Female",0,85.8260456627499,69.6268639644675
2019,"E","East of England","E07000202","Ipswich","Female",0,83.2250318895224,67.6418713009484
2019,"E","East of England","E07000203","Mid Suffolk","Female",0,85.7241224723925,69.5402572320941
2019,"E","East of England","E07000240","St Albans","Female",0,85.6917162279515,69.5256230165547
2019,"E","East of England","E07000241","Welwyn Hatfield","Female",0,84.0983196326832,68.3061439200137
2019,"E","East of England","E07000242","East Hertfordshire","Female",0,85.4404055770718,69.3315581393038
2019,"E","East of England","E07000243","Stevenage","Female",0,83.5697231927326,67.9000631646233
2019,"E","East of England","E07000244","East Suffolk","Female",0,84.3370625907848,68.4693355823097
2019,"E","East of England","E07000245","West Suffolk","Female",0,84.5740376180062,68.6539270804328
2019,"E","East of England","E06000031","Peterborough","Male",0,79.0717083486887,67.1166563153863
2019,"E","East of England","E06000032","Luton","Male",0,78.407073343053,66.6078535419446
2019,"E","East of England","E06000033","Southend-on-Sea","Male",0,78.9166858372821,67.0316768317963
2019,"E","East of England","E06000034","Thurrock","Male",0,78.8149916052686,66.9755282760269
2019,"E","East of England","E06000055","Bedford","Male",0,79.3303732457278,67.3133802391823
2019,"E","East of England","E06000056","Central Bedfordshire","Male",0,80.9018730238572,68.5850914916749
2019,"E","East of England","E07000008","Cambridge","Male",0,81.2591207915588,68.8331933039826
2019,"E","East of England","E07000009","East Cambridgeshire","Male",0,82.0406262346084,69.4921379553966
2019,"E","East of England","E07000010","Fenland","Male",0,79.0288043870649,67.1385295331831
2019,"E","East of England","E07000011","Huntingdonshire","Male",0,81.6392350641249,69.1920892262032
2019,"E","East of England","E07000012","South Cambridgeshire","Male",0,83.3140374602262,70.4810005653449
2019,"E","East of England","E07000066","Basildon","Male",0,79.4285338302642,67.4432360671789
2019,"E","East of England","E07000067","Braintree","Male",0,80.5067456825817,68.3214119065813
2019,"E","East of England","E07000068","Brentwood","Male",0,81.545077031552,69.1209533579237
2019,"E","East of England","E07000069","Castle Point","Male",0,79.9563135533041,67.8797387155833
2019,"E","East of England","E07000070","Chelmsford","Male",0,81.7816279229608,69.2826032400295
2019,"E","East of England","E07000071","Colchester","Male",0,80.5779549515215,68.3225864354392
2019,"E","East of England","E07000072","Epping Forest","Male",0,80.8124314999041,68.5472259379095
2019,"E","East of England","E07000073","Harlow","Male",0,79.3394019741282,67.3930925812042
2019,"E","East of England","E07000074","Maldon","Male",0,81.465226252829,68.9939755322565
2019,"E","East of England","E07000075","Rochford","Male",0,81.9867498330326,69.4735708164433
2019,"E","East of England","E07000076","Tendring","Male",0,78.4026389532526,66.5964866025274
2019,"E","East of England","E07000077","Uttlesford","Male",0,83.4957456714979,70.6334840670225
2019,"E","East of England","E07000095","Broxbourne","Male",0,80.2173400560166,68.030148353131
2019,"E","East of England","E07000096","Dacorum","Male",0,81.5892441875286,69.1505152409369
2019,"E","East of England","E07000098","Hertsmere","Male",0,79.742538918792,67.6919697973339
2019,"E","East of England","E07000099","North Hertfordshire","Male",0,81.6602470279464,69.217763461126
2019,"E","East of England","E07000102","Three Rivers","Male",0,81.9976187602307,69.4484790538144
2019,"E","East of England","E07000103","Watford","Male",0,79.9278829466985,67.8250687112137
2019,"E","East of England","E07000143","Breckland","Male",0,80.2937227847241,68.1300874720535
2019,"E","East of England","E07000144","Broadland","Male",0,81.9395931043223,69.4161846274764
2019,"E","East of England","E07000145","Great Yarmouth","Male",0,79.0901743794596,67.1684123641677
2019,"E","East of England","E07000146","King's Lynn and West Norfolk","Male",0,79.7907775654027,67.6783074064238
2019,"E","East of England","E07000147","North Norfolk","Male",0,81.4257436208963,69.0028517974671
2019,"E","East of England","E07000148","Norwich","Male",0,78.2926335038961,66.5058578312705
2019,"E","East of England","E07000149","South Norfolk","Male",0,81.9557234764282,69.3952387305117
2019,"E","East of England","E07000200","Babergh","Male",0,82.6045307189106,69.9444639941226
2019,"E","East of England","E07000202","Ipswich","Male",0,79.5954530991345,67.5385455414137
2019,"E","East of England","E07000203","Mid Suffolk","Male",0,82.3407830849629,69.7644429758773
2019,"E","East of England","E07000240","St Albans","Male",0,82.2636690516178,69.6415812973625
2019,"E","East of England","E07000241","Welwyn Hatfield","Male",0,81.1450729205559,68.7896364431653
2019,"E","East of England","E07000242","East Hertfordshire","Male",0,82.0296237112774,69.4855413110493
2019,"E","East of England","E07000243","Stevenage","Male",0,79.703500739099,67.6963882564646
2019,"E","East of England","E07000244","East Suffolk","Male",0,80.723986001976,68.4208306707059
2019,"E","East of England","E07000245","West Suffolk","Male",0,81.2892444444649,68.888694535022
2019,"E","London","E09000002","Barking and Dagenham","Female",0,81.8021917865732,65.8101890998806
2019,"E","London","E09000003","Barnet","Female",0,85.8165444114854,68.5157300081691
2019,"E","London","E09000004","Bexley","Female",0,83.9184245623357,67.2201112197493
2019,"E","London","E09000005","Brent","Female",0,84.9025167130169,67.8263991363183
2019,"E","London","E09000006","Bromley","Female",0,85.2041443168972,68.098961166271
2019,"E","London","E09000007","Camden","Female",0,87.3587565661616,69.3498661044088
2019,"E","London","E09000008","Croydon","Female",0,83.8929428904057,67.2100479213404
2019,"E","London","E09000009","Ealing","Female",0,84.318421483179,67.4861246065045
2019,"E","London","E09000010","Enfield","Female",0,84.5393825864299,67.5949881774618
2019,"E","London","E09000011","Greenwich","Female",0,82.9427157730757,66.5512146442304
2019,"E","London","E09000012","Hackney","Female",0,83.6843356085927,67.0422753192948
2019,"E","London","E09000013","Hammersmith and Fulham","Female",0,84.1520143746986,67.3360549640305
2019,"E","London","E09000014","Haringey","Female",0,84.6678571560361,67.6920264419221
2019,"E","London","E09000015","Harrow","Female",0,85.5997110985281,68.3413839089377
2019,"E","London","E09000016","Havering","Female",0,83.7180252888734,67.1099403070418
2019,"E","London","E09000017","Hillingdon","Female",0,84.0034755887106,67.3207391016635
2019,"E","London","E09000018","Hounslow","Female",0,83.898813090768,67.2014999653136
2019,"E","London","E09000019","Islington","Female",0,83.3258506973004,66.8336941417768
2019,"E","London","E09000020","Kensington and Chelsea","Female",0,87.9229401748516,69.8295275961972
2019,"E","London","E09000021","Kingston upon Thames","Female",0,85.2061068828133,68.1148519240169
2019,"E","London","E09000022","Lambeth","Female",0,83.8242375372738,67.120364065254
2019,"E","London","E09000023","Lewisham","Female",0,83.2988005773549,66.8139209315573
2019,"E","London","E09000024","Merton","Female",0,84.5536745454049,67.7075123721585
2019,"E","London","E09000025","Newham","Female",0,83.0107765961392,66.577942022037
2019,"E","London","E09000026","Redbridge","Female",0,84.519546935736,67.6483212531802
2019,"E","London","E09000027","Richmond upon Thames","Female",0,86.5678392521138,68.9915221752053
2019,"E","London","E09000028","Southwark","Female",0,84.3313638509561,67.493082961459
2019,"E","London","E09000029","Sutton","Female",0,84.4946767778161,67.6412966927921
2019,"E","London","E09000030","Tower Hamlets","Female",0,83.3517016811697,66.86206797846
2019,"E","London","E09000031","Waltham Forest","Female",0,84.1496967439211,67.3606199432568
2019,"E","London","E09000032","Wandsworth","Female",0,84.7184299277128,67.7861284088232
2019,"E","London","E09000033","Westminster","Female",0,87.0609592194707,69.2729121279243
2019,"E","London","E09000002","Barking and Dagenham","Male",0,77.3071661590898,66.0758741441223
2019,"E","London","E09000003","Barnet","Male",0,82.1390052855506,69.7903423801245
2019,"E","London","E09000004","Bexley","Male",0,80.1560243398168,68.2736415161532
2019,"E","London","E09000005","Brent","Male",0,80.5985540096098,68.5771086933564
2019,"E","London","E09000006","Bromley","Male",0,81.7632993527314,69.5262350976532
2019,"E","London","E09000007","Camden","Male",0,82.8484071881349,70.2910011402734
2019,"E","London","E09000008","Croydon","Male",0,79.8059071810334,67.9809346630644
2019,"E","London","E09000009","Ealing","Male",0,80.0628029374559,68.1561241471706
2019,"E","London","E09000010","Enfield","Male",0,80.3986976797763,68.448567429864
2019,"E","London","E09000011","Greenwich","Male",0,79.3763464910306,67.6558502309843
2019,"E","London","E09000012","Hackney","Male",0,79.3880166125817,67.6465222181908
2019,"E","London","E09000013","Hammersmith and Fulham","Male",0,79.2794030327406,67.5802603790896
2019,"E","London","E09000014","Haringey","Male",0,79.8651042968188,68.0269803104295
2019,"E","London","E09000015","Harrow","Male",0,82.3761383500166,69.9506476171823
2019,"E","London","E09000016","Havering","Male",0,79.9878130130974,68.1614366459009
2019,"E","London","E09000017","Hillingdon","Male",0,79.9131610235351,68.0637009153872
2019,"E","London","E09000018","Hounslow","Male",0,79.5777890501164,67.8134219676509
2019,"E","London","E09000019","Islington","Male",0,79.6169006761858,67.8349020257773
2019,"E","London","E09000020","Kensington and Chelsea","Male",0,84.1140163734849,71.2460378532585
2019,"E","London","E09000021","Kingston upon Thames","Male",0,81.8948696472352,69.6209121179317
2019,"E","London","E09000022","Lambeth","Male",0,78.747974382831,67.1938184717166
2019,"E","London","E09000023","Lewisham","Male",0,79.0391769105839,67.392773031505
2019,"E","London","E09000024","Merton","Male",0,80.5416548498309,68.5826884215967
2019,"E","London","E09000025","Newham","Male",0,79.0040289031319,67.3675967175357
2019,"E","London","E09000026","Redbridge","Male",0,80.6982155271276,68.6890524601432
2019,"E","London","E09000027","Richmond upon Thames","Male",0,82.5560563167291,70.110221042932
2019,"E","London","E09000028","Southwark","Male",0,79.768487380363,67.9640441375883
2019,"E","London","E09000029","Sutton","Male",0,80.6198373534443,68.6135119162721
2019,"E","London","E09000030","Tower Hamlets","Male",0,79.9692709005594,68.1489679654302
2019,"E","London","E09000031","Waltham Forest","Male",0,79.9222477708772,68.0740255226586
2019,"E","London","E09000032","Wandsworth","Male",0,80.1368207563589,68.273830799019
2019,"E","London","E09000033","Westminster","Male",0,84.1697422547498,71.3077788632825
2019,"E","North East","E06000001","Hartlepool","Female",0,81.4082247135335,64.7804832811403
2019,"E","North East","E06000002","Middlesbrough","Female",0,80.3665211872056,64.0215738290977
2019,"E","North East","E06000003","Redcar and Cleveland","Female",0,82.0290770345466,65.2385154267196
2019,"E","North East","E06000004","Stockton-on-Tees","Female",0,81.5403996998247,64.8658287587327
2019,"E","North East","E06000005","Darlington","Female",0,81.6366546518008,64.948682538041
2019,"E","North East","E06000047","County Durham","Female",0,81.6416228961352,64.9505574831935
2019,"E","North East","E06000057","Northumberland","Female",0,83.0564561015869,65.9739154690024
2019,"E","North East","E08000021","Newcastle upon Tyne","Female",0,81.8249865142791,65.0984937046508
2019,"E","North East","E08000022","North Tyneside","Female",0,82.5112466515579,65.5860902666628
2019,"E","North East","E08000023","South Tyneside","Female",0,81.7522941247489,65.0517822551365
2019,"E","North East","E08000024","Sunderland","Female",0,81.2605167864147,64.6806538263276
2019,"E","North East","E08000037","Gateshead","Female",0,81.9196775662611,65.1485640826666
2019,"E","North East","E06000001","Hartlepool","Male",0,76.8076889568118,64.9437578021892
2019,"E","North East","E06000002","Middlesbrough","Male",0,75.8333496547168,64.1933170189475
2019,"E","North East","E06000003","Redcar and Cleveland","Male",0,78.1986757662727,66.0358815831322
2019,"E","North East","E06000004","Stockton-on-Tees","Male",0,78.6000893104109,66.354332226519
2019,"E","North East","E06000005","Darlington","Male",0,78.8117353427642,66.5117217999318
2019,"E","North East","E06000047","County Durham","Male",0,78.121415562733,65.9757675135644
2019,"E","North East","E06000057","Northumberland","Male",0,79.6300935737333,67.1410395795583
2019,"E","North East","E08000021","Newcastle upon Tyne","Male",0,77.5530097986557,65.5374031707672
2019,"E","North East","E08000022","North Tyneside","Male",0,78.7962810122704,66.5152732672163
2019,"E","North East","E08000023","South Tyneside","Male",0,76.9512651166443,65.0706866715462
2019,"E","North East","E08000024","Sunderland","Male",0,76.9226417307849,65.0450555771962
2019,"E","North East","E08000037","Gateshead","Male",0,77.4231252405092,65.4193194159281
2019,"E","North West","E06000006","Halton","Female",0,81.8845980076048,65.1267594191021
2019,"E","North West","E06000007","Warrington","Female",0,82.8040275266641,65.7909414162829
2019,"E","North West","E06000008","Blackburn with Darwen","Female",0,80.6758460851772,64.2745367056557
2019,"E","North West","E06000009","Blackpool","Female",0,79.0989946765036,63.0768159809582
2019,"E","North West","E06000049","Cheshire East","Female",0,84.0552255959837,66.6783293265035
2019,"E","North West","E06000050","Cheshire West and Chester","Female",0,83.7387139257914,66.4712669257639
2019,"E","North West","E07000026","Allerdale","Female",0,83.1139035965415,66.011862911565
2019,"E","North West","E07000027","Barrow-in-Furness","Female",0,81.2058756962172,64.6325714284523
2019,"E","North West","E07000028","Carlisle","Female",0,82.7096276964453,65.7139151580876
2019,"E","North West","E07000029","Copeland","Female",0,82.0934167954891,65.2509680598173
2019,"E","North West","E07000030","Eden","Female",0,86.5001115826596,68.4109201549142
2019,"E","North West","E07000031","South Lakeland","Female",0,85.4292803781033,67.6674765640616
2019,"E","North West","E07000117","Burnley","Female",0,81.0644257071329,64.5630341570744
2019,"E","North West","E07000118","Chorley","Female",0,82.4673304129674,65.581901705221
2019,"E","North West","E07000119","Fylde","Female",0,83.8341009278606,66.5607309078384
2019,"E","North West","E07000120","Hyndburn","Female",0,81.6441546455695,64.9939924529381
2019,"E","North West","E07000121","Lancaster","Female",0,82.6473755163403,65.6580563167818
2019,"E","North West","E07000122","Pendle","Female",0,81.8646739866899,65.1134198301973
2019,"E","North West","E07000123","Preston","Female",0,80.7547806537547,64.3151088656974
2019,"E","North West","E07000124","Ribble Valley","Female",0,84.3273574351332,66.8864270662201
2019,"E","North West","E07000125","Rossendale","Female",0,82.3041401383678,65.4799995924481
2019,"E","North West","E07000126","South Ribble","Female",0,84.3414852538788,66.8904328603104
2019,"E","North West","E07000127","West Lancashire","Female",0,83.1879726874053,66.082864750654
2019,"E","North West","E07000128","Wyre","Female",0,82.8557262560827,65.8004906345266
2019,"E","North West","E08000001","Bolton","Female",0,81.3610609485035,64.7323597183106
2019,"E","North West","E08000002","Bury","Female",0,82.4789095854519,65.5754774495689
2019,"E","North West","E08000003","Manchester","Female",0,80.0175119810402,63.7986058424626
2019,"E","North West","E08000004","Oldham","Female",0,80.8308355060763,64.3467260227703
2019,"E","North West","E08000005","Rochdale","Female",0,81.2123571079587,64.6377780170802
2019,"E","North West","E08000006","Salford","Female",0,80.7305035957011,64.3056952984195
2019,"E","North West","E08000007","Stockport","Female",0,83.5461799583122,66.2863281439765
2019,"E","North West","E08000008","Tameside","Female",0,80.5479996006174,64.2102697832634
2019,"E","North West","E08000009","Trafford","Female",0,84.229917494046,66.8101470007094
2019,"E","North West","E08000010","Wigan","Female",0,81.471033143237,64.8458101813145
2019,"E","North West","E08000011","Knowsley","Female",0,79.944997689512,63.7479619052965
2019,"E","North West","E08000012","Liverpool","Female",0,80.0498434539386,63.7999667281996
2019,"E","North West","E08000013","St. Helens","Female",0,81.4852942989843,64.8466191830912
2019,"E","North West","E08000014","Sefton","Female",0,82.5556431411891,65.5722205042122
2019,"E","North West","E08000015","Wirral","Female",0,81.9001393820557,65.1179099973035
2019,"E","North West","E06000006","Halton","Male",0,77.6914249920536,65.2215576081327
2019,"E","North West","E06000007","Warrington","Male",0,79.2776924662325,66.4489077190967
2019,"E","North West","E06000008","Blackburn with Darwen","Male",0,76.7014150339135,64.4548804621431
2019,"E","North West","E06000009","Blackpool","Male",0,74.09785078208,62.3711453649742
2019,"E","North West","E06000049","Cheshire East","Male",0,80.5973659958841,67.4148010944146
2019,"E","North West","E06000050","Cheshire West and Chester","Male",0,80.0461381604834,66.9898031363151
2019,"E","North West","E07000026","Allerdale","Male",0,79.66534146712,66.7071773757386
2019,"E","North West","E07000027","Barrow-in-Furness","Male",0,77.9226870175134,65.3894181539712
2019,"E","North West","E07000028","Carlisle","Male",0,78.3353806510064,65.6379082020567
2019,"E","North West","E07000029","Copeland","Male",0,78.5110116570711,65.8080071901294
2019,"E","North West","E07000030","Eden","Male",0,83.0522912460636,69.3059378137547
2019,"E","North West","E07000031","South Lakeland","Male",0,80.994808688362,67.7115321624311
2019,"E","North West","E07000117","Burnley","Male",0,76.0658595431633,63.9283291357896
2019,"E","North West","E07000118","Chorley","Male",0,79.4951810543472,66.6039748035239
2019,"E","North West","E07000119","Fylde","Male",0,80.3732235297418,67.265947602642
2019,"E","North West","E07000120","Hyndburn","Male",0,77.0175554832566,64.6998973053814
2019,"E","North West","E07000121","Lancaster","Male",0,78.8927831993294,66.1094778869863
2019,"E","North West","E07000122","Pendle","Male",0,78.6283569257426,65.9166033988018
2019,"E","North West","E07000123","Preston","Male",0,77.1983127077081,64.8252487193238
2019,"E","North West","E07000124","Ribble Valley","Male",0,82.0540895486772,68.5575115832477
2019,"E","North West","E07000125","Rossendale","Male",0,77.9535115854824,65.3587171799977
2019,"E","North West","E07000126","South Ribble","Male",0,80.3407330106125,67.2432993806786
2019,"E","North West","E07000127","West Lancashire","Male",0,79.2595071511896,66.4378560863966
2019,"E","North West","E07000128","Wyre","Male",0,78.0281759269364,65.4234627527416
2019,"E","North West","E08000001","Bolton","Male",0,77.5233710622832,65.0561718969687
2019,"E","North West","E08000002","Bury","Male",0,78.6661099703354,65.9562909613439
2019,"E","North West","E08000003","Manchester","Male",0,75.6262976425284,63.6333027197538
2019,"E","North West","E08000004","Oldham","Male",0,77.359005184517,64.943521297321
2019,"E","North West","E08000005","Rochdale","Male",0,77.0254362240848,64.6835313249524
2019,"E","North West","E08000006","Salford","Male",0,77.4318287672112,65.0174424657208
2019,"E","North West","E08000007","Stockport","Male",0,79.7053586199615,66.7350364371114
2019,"E","North West","E08000008","Tameside","Male",0,77.1451262287469,64.8156240815823
2019,"E","North West","E08000009","Trafford","Male",0,80.4825430507137,67.3620065985593
2019,"E","North West","E08000010","Wigan","Male",0,77.7660205704151,65.2717341743193
2019,"E","North West","E08000011","Knowsley","Male",0,76.3539558721187,64.1702066870141
2019,"E","North West","E08000012","Liverpool","Male",0,76.3759263270669,64.2136148091759
2019,"E","North West","E08000013","St. Helens","Male",0,77.7005215261429,65.1977788211082
2019,"E","North West","E08000014","Sefton","Male",0,78.2740302366317,65.6201921961541
2019,"E","North West","E08000015","Wirral","Male",0,78.1426859841545,65.538304127369
2019,"S","Scotland","S12000005","Clackmannanshire","Female",0,80.6506950664026,63.8166793506622
2019,"S","Scotland","S12000006","Dumfries and Galloway","Female",0,81.8958349398088,64.7021162907943
2019,"S","Scotland","S12000008","East Ayrshire","Female",0,79.9516315880111,63.2891299921589
2019,"S","Scotland","S12000010","East Lothian","Female",0,83.150325945583,65.6439484159362
2019,"S","Scotland","S12000011","East Renfrewshire","Female",0,84.1839858187402,66.3857170664023
2019,"S","Scotland","S12000013","Na h-Eileanan Siar","Female",0,83.3077671630347,65.7458812727966
2019,"S","Scotland","S12000014","Falkirk","Female",0,80.5099306385244,63.7147156910797
2019,"S","Scotland","S12000017","Highland","Female",0,82.262758981718,64.9495338460923
2019,"S","Scotland","S12000018","Inverclyde","Female",0,78.7516754485626,62.3885592517948
2019,"S","Scotland","S12000019","Midlothian","Female",0,81.3462582594866,64.3262263144434
2019,"S","Scotland","S12000020","Moray","Female",0,82.0045612295922,64.7857305153541
2019,"S","Scotland","S12000021","North Ayrshire","Female",0,80.3753570561733,63.5830558286281
2019,"S","Scotland","S12000023","Orkney Islands","Female",0,83.8879372563262,66.1681092396743
2019,"S","Scotland","S12000026","Scottish Borders","Female",0,82.5191263271165,65.1561862388386
2019,"S","Scotland","S12000027","Shetland Islands","Female",0,83.36872785979,65.7771078180824
2019,"S","Scotland","S12000028","South Ayrshire","Female",0,81.4189766775799,64.3473772408967
2019,"S","Scotland","S12000029","South Lanarkshire","Female",0,80.7098536022219,63.8594664358518
2019,"S","Scotland","S12000030","Stirling","Female",0,82.1309385955802,64.8664885282491
2019,"S","Scotland","S12000033","Aberdeen City","Female",0,81.5469377935174,64.4518623362815
2019,"S","Scotland","S12000034","Aberdeenshire","Female",0,82.7977186503003,65.3744976111285
2019,"S","Scotland","S12000035","Argyll and Bute","Female",0,81.8176292612865,64.6474848247624
2019,"S","Scotland","S12000036","City of Edinburgh","Female",0,82.6327664946521,65.2534731666816
2019,"S","Scotland","S12000038","Renfrewshire","Female",0,80.6607282292882,63.8223921021021
2019,"S","Scotland","S12000039","West Dunbartonshire","Female",0,79.1113883436892,62.6750932910682
2019,"S","Scotland","S12000040","West Lothian","Female",0,80.5972264829407,63.7756933356186
2019,"S","Scotland","S12000041","Angus","Female",0,82.4899780757732,65.1424375169214
2019,"S","Scotland","S12000042","Dundee City","Female",0,79.5877472134344,62.9870095765617
2019,"S","Scotland","S12000045","East Dunbartonshire","Female",0,83.8005163465445,66.0912968203237
2019,"S","Scotland","S12000047","Fife","Female",0,81.6369156477969,64.5174244586573
2019,"S","Scotland","S12000048","Perth and Kinross","Female",0,83.1154330489384,65.5970383062938
2019,"S","Scotland","S12000049","Glasgow City","Female",0,78.4266799236216,62.1673418134758
2019,"S","Scotland","S12000050","North Lanarkshire","Female",0,79.4643334579095,62.9263286329613
2019,"S","Scotland","S12000005","Clackmannanshire","Male",0,76.3793199041551,65.6886714598104
2019,"S","Scotland","S12000006","Dumfries and Galloway","Male",0,78.3530813430581,67.2467214318174
2019,"S","Scotland","S12000008","East Ayrshire","Male",0,75.4872648263309,64.9846744459098
2019,"S","Scotland","S12000010","East Lothian","Male",0,79.5715152972881,68.2320935770601
2019,"S","Scotland","S12000011","East Renfrewshire","Male",0,79.7751076139983,68.4044548341317
2019,"S","Scotland","S12000013","Na h-Eileanan Siar","Male",0,78.4404316738073,67.3587309565905
2019,"S","Scotland","S12000014","Falkirk","Male",0,76.7301220420847,65.9990800007559
2019,"S","Scotland","S12000017","Highland","Male",0,77.8132476742594,66.7873971737905
2019,"S","Scotland","S12000018","Inverclyde","Male",0,74.4730368359448,64.1719843337864
2019,"S","Scotland","S12000019","Midlothian","Male",0,77.8295925484561,66.8437133430907
2019,"S","Scotland","S12000020","Moray","Male",0,79.0443275983495,67.7984576205127
2019,"S","Scotland","S12000021","North Ayrshire","Male",0,75.5646929224726,65.0368758984453
2019,"S","Scotland","S12000023","Orkney Islands","Male",0,80.5245742147203,68.9770840940855
2019,"S","Scotland","S12000026","Scottish Borders","Male",0,79.0044797106119,67.7655047654973
2019,"S","Scotland","S12000027","Shetland Islands","Male",0,81.1408653248892,69.486927859289
2019,"S","Scotland","S12000028","South Ayrshire","Male",0,76.9127048643386,66.1135849056279
2019,"S","Scotland","S12000029","South Lanarkshire","Male",0,76.622845943617,65.9031040912375
2019,"S","Scotland","S12000030","Stirling","Male",0,78.0892147472141,67.0400358778002
2019,"S","Scotland","S12000033","Aberdeen City","Male",0,77.3070601542264,66.4579866591144
2019,"S","Scotland","S12000034","Aberdeenshire","Male",0,79.2630772176797,67.995710048718
2019,"S","Scotland","S12000035","Argyll and Bute","Male",0,78.293553594778,67.213482929579
2019,"S","Scotland","S12000036","City of Edinburgh","Male",0,78.4334574177653,67.3410774166832
2019,"S","Scotland","S12000038","Renfrewshire","Male",0,75.8391152977449,65.2714909941808
2019,"S","Scotland","S12000039","West Dunbartonshire","Male",0,74.2867915124304,64.0379812809956
2019,"S","Scotland","S12000040","West Lothian","Male",0,77.698757968497,66.7550277939418
2019,"S","Scotland","S12000041","Angus","Male",0,78.8160570851626,67.6244374644713
2019,"S","Scotland","S12000042","Dundee City","Male",0,74.0042313385539,63.7711515752862
2019,"S","Scotland","S12000045","East Dunbartonshire","Male",0,80.4873012425388,68.9665641909275
2019,"S","Scotland","S12000047","Fife","Male",0,77.402791846481,66.4904713246049
2019,"S","Scotland","S12000048","Perth and Kinross","Male",0,79.233304374686,67.9330514951021
2019,"S","Scotland","S12000049","Glasgow City","Male",0,73.3827595856112,63.3291052231541
2019,"S","Scotland","S12000050","North Lanarkshire","Male",0,74.7078075176569,64.3580006591551
2019,"E","South East","E06000035","Medway","Female",0,82.7362105757816,67.0899971304698
2019,"E","South East","E06000036","Bracknell Forest","Female",0,85.3466177562029,69.014841213277
2019,"E","South East","E06000037","West Berkshire","Female",0,85.4635368606882,69.1019643281879
2019,"E","South East","E06000038","Reading","Female",0,82.4419975055984,66.8553041013459
2019,"E","South East","E06000039","Slough","Female",0,82.8620765493778,67.1751623763524
2019,"E","South East","E06000040","Windsor and Maidenhead","Female",0,85.3587641147586,69.0494997029913
2019,"E","South East","E06000041","Wokingham","Female",0,85.9101087675875,69.4449010463878
2019,"E","South East","E06000042","Milton Keynes","Female",0,83.628842272892,67.7475279024253
2019,"E","South East","E06000043","Brighton and Hove","Female",0,83.3772316500272,67.5572711195421
2019,"E","South East","E06000044","Portsmouth","Female",0,82.8549229406159,67.1837929354235
2019,"E","South East","E06000045","Southampton","Female",0,82.7556904377716,67.0839666329459
2019,"E","South East","E06000046","Isle of Wight","Female",0,83.9766240825544,67.9977711732922
2019,"E","South East","E06000060","Buckinghamshire","Female",0,85.2660223110867,68.9413707683641
2019,"E","South East","E07000061","Eastbourne","Female",0,84.2069328513541,68.1781928368743
2019,"E","South East","E07000062","Hastings","Female",0,82.2031871610964,66.6755256049998
2019,"E","South East","E07000063","Lewes","Female",0,85.3215205282289,69.0062831108608
2019,"E","South East","E07000064","Rother","Female",0,84.51087173998,68.3793184652432
2019,"E","South East","E07000065","Wealden","Female",0,85.6339589762591,69.2634468714724
2019,"E","South East","E07000084","Basingstoke and Deane","Female",0,84.5753993537059,68.4825604557964
2019,"E","South East","E07000085","East Hampshire","Female",0,85.542172074538,69.1701875560603
2019,"E","South East","E07000086","Eastleigh","Female",0,85.316480106647,69.0056036142703
2019,"E","South East","E07000087","Fareham","Female",0,84.9151532249342,68.6816933300089
2019,"E","South East","E07000088","Gosport","Female",0,82.8375542694816,67.1522898639476
2019,"E","South East","E07000089","Hart","Female",0,86.3941768085778,69.7915878857391
2019,"E","South East","E07000090","Havant","Female",0,84.2458994488992,68.2017570116406
2019,"E","South East","E07000091","New Forest","Female",0,86.2277540520089,69.6859595719691
2019,"E","South East","E07000092","Rushmoor","Female",0,84.1556441312447,68.1724264191026
2019,"E","South East","E07000093","Test Valley","Female",0,85.1027657312768,68.8522483688231
2019,"E","South East","E07000094","Winchester","Female",0,86.0443853744209,69.560651020059
2019,"E","South East","E07000105","Ashford","Female",0,84.081739535898,68.0839428702704
2019,"E","South East","E07000106","Canterbury","Female",0,83.7944771356685,67.8548237597643
2019,"E","South East","E07000107","Dartford","Female",0,82.9502310863865,67.2873767675496
2019,"E","South East","E07000108","Dover","Female",0,83.4524441870525,67.633799867595
2019,"E","South East","E07000109","Gravesham","Female",0,83.7134295190172,67.8405699742489
2019,"E","South East","E07000110","Maidstone","Female",0,83.6842771578093,67.79794237335
2019,"E","South East","E07000111","Sevenoaks","Female",0,85.0510283650548,68.8207130506697
2019,"E","South East","E07000112","Folkestone and Hythe","Female",0,83.5189037670368,67.6710763748753
2019,"E","South East","E07000113","Swale","Female",0,83.0768806515147,67.340421919085
2019,"E","South East","E07000114","Thanet","Female",0,82.2346751660898,66.675848497969
2019,"E","South East","E07000115","Tonbridge and Malling","Female",0,84.6580989049398,68.5190151007157
2019,"E","South East","E07000116","Tunbridge Wells","Female",0,84.777683192174,68.6320426947642
2019,"E","South East","E07000177","Cherwell","Female",0,84.6280424762001,68.4961965555661
2019,"E","South East","E07000178","Oxford","Female",0,84.6714077108864,68.5099920589151
2019,"E","South East","E07000179","South Oxfordshire","Female",0,86.0964247212289,69.6036675486019
2019,"E","South East","E07000180","Vale of White Horse","Female",0,86.0348363510395,69.533579629487
2019,"E","South East","E07000181","West Oxfordshire","Female",0,85.7670346795252,69.3666546286495
2019,"E","South East","E07000207","Elmbridge","Female",0,85.8422591909721,69.3998803199937
2019,"E","South East","E07000208","Epsom and Ewell","Female",0,86.3237869737262,69.7842779752959
2019,"E","South East","E07000209","Guildford","Female",0,85.9987536041354,69.5318905445303
2019,"E","South East","E07000210","Mole Valley","Female",0,86.2135020514782,69.69608950409
2019,"E","South East","E07000211","Reigate and Banstead","Female",0,84.7730409958188,68.6378708587775
2019,"E","South East","E07000212","Runnymede","Female",0,84.8468545187989,68.6504376950929
2019,"E","South East","E07000213","Spelthorne","Female",0,84.358248618824,68.2805114501154
2019,"E","South East","E07000214","Surrey Heath","Female",0,85.955434454325,69.5141270648537
2019,"E","South East","E07000215","Tandridge","Female",0,85.5734698308445,69.2427114750374
2019,"E","South East","E07000216","Waverley","Female",0,86.1451988012785,69.6214590974288
2019,"E","South East","E07000217","Woking","Female",0,84.7970667247176,68.6145739161124
2019,"E","South East","E07000223","Adur","Female",0,84.7202810730895,68.5474927221081
2019,"E","South East","E07000224","Arun","Female",0,84.0224530799483,68.0187574929741
2019,"E","South East","E07000225","Chichester","Female",0,85.6224256872456,69.2504318485535
2019,"E","South East","E07000226","Crawley","Female",0,84.335482200389,68.2290427610274
2019,"E","South East","E07000227","Horsham","Female",0,85.5872302450514,69.1883175689458
2019,"E","South East","E07000228","Mid Sussex","Female",0,85.3027702534009,69.0295626528364
2019,"E","South East","E07000229","Worthing","Female",0,83.3447023969229,67.5394134225788
2019,"E","South East","E06000035","Medway","Male",0,78.6363066785673,66.4133619825885
2019,"E","South East","E06000036","Bracknell Forest","Male",0,82.0266190465214,69.1116197650109
2019,"E","South East","E06000037","West Berkshire","Male",0,81.8126966289341,68.9303203570645
2019,"E","South East","E06000038","Reading","Male",0,79.2539178743916,66.8816341042796
2019,"E","South East","E06000039","Slough","Male",0,78.6694432199476,66.4188093092583
2019,"E","South East","E06000040","Windsor and Maidenhead","Male",0,82.2523103733928,69.2916546020991
2019,"E","South East","E06000041","Wokingham","Male",0,82.7221922071033,69.6348401247749
2019,"E","South East","E06000042","Milton Keynes","Male",0,79.6485087628201,67.2207982848298
2019,"E","South East","E06000043","Brighton and Hove","Male",0,79.4359496308679,67.0365611899458
2019,"E","South East","E06000044","Portsmouth","Male",0,78.6218661033157,66.4146527883958
2019,"E","South East","E06000045","Southampton","Male",0,78.5714756068421,66.3547128145626
2019,"E","South East","E06000046","Isle of Wight","Male",0,79.7833538606547,67.2690907673571
2019,"E","South East","E06000060","Buckinghamshire","Male",0,81.8754821407951,68.9687890443262
2019,"E","South East","E07000061","Eastbourne","Male",0,79.4683391729602,66.9967741662425
2019,"E","South East","E07000062","Hastings","Male",0,78.1499440031202,65.9983655894491
2019,"E","South East","E07000063","Lewes","Male",0,81.1491612499915,68.3825550648402
2019,"E","South East","E07000064","Rother","Male",0,81.1477784889493,68.4072200182718
2019,"E","South East","E07000065","Wealden","Male",0,81.932103903898,69.0387576439468
2019,"E","South East","E07000084","Basingstoke and Deane","Male",0,80.7080526560052,68.0603568580252
2019,"E","South East","E07000085","East Hampshire","Male",0,82.157511687995,69.1835717180798
2019,"E","South East","E07000086","Eastleigh","Male",0,82.1188414023432,69.1790600382959
2019,"E","South East","E07000087","Fareham","Male",0,83.0031902014968,69.9138676949527
2019,"E","South East","E07000088","Gosport","Male",0,79.1742235683349,66.8159275974073
2019,"E","South East","E07000089","Hart","Male",0,83.6959143542634,70.4175750427295
2019,"E","South East","E07000090","Havant","Male",0,80.9616114131161,68.2621677626078
2019,"E","South East","E07000091","New Forest","Male",0,83.258120366583,70.0877081025902
2019,"E","South East","E07000092","Rushmoor","Male",0,80.4743783130967,67.8783594445914
2019,"E","South East","E07000093","Test Valley","Male",0,82.2494390573439,69.2752234819854
2019,"E","South East","E07000094","Winchester","Male",0,82.5079556185754,69.4714257683789
2019,"E","South East","E07000105","Ashford","Male",0,80.0536050458627,67.5342527141289
2019,"E","South East","E07000106","Canterbury","Male",0,79.9218525211999,67.4431613482282
2019,"E","South East","E07000107","Dartford","Male",0,79.3382465609012,66.9812633116747
2019,"E","South East","E07000108","Dover","Male",0,80.1096185962268,67.5859179206565
2019,"E","South East","E07000109","Gravesham","Male",0,79.6976844227671,67.2434293472362
2019,"E","South East","E07000110","Maidstone","Male",0,80.8124171608423,68.1392908799816
2019,"E","South East","E07000111","Sevenoaks","Male",0,82.6861142408312,69.6408968554827
2019,"E","South East","E07000112","Folkestone and Hythe","Male",0,79.1915169780163,66.8242562875169
2019,"E","South East","E07000113","Swale","Male",0,79.014226760072,66.710072782188
2019,"E","South East","E07000114","Thanet","Male",0,77.8660207711116,65.793461510165
2019,"E","South East","E07000115","Tonbridge and Malling","Male",0,80.9040393208708,68.2143088971524
2019,"E","South East","E07000116","Tunbridge Wells","Male",0,81.5858478660412,68.7405463050573
2019,"E","South East","E07000177","Cherwell","Male",0,81.5377443377264,68.7360187318195
2019,"E","South East","E07000178","Oxford","Male",0,80.498650291231,67.8612799416471
2019,"E","South East","E07000179","South Oxfordshire","Male",0,83.0328457077729,69.9032304786848
2019,"E","South East","E07000180","Vale of White Horse","Male",0,82.9933219218128,69.9032924807901
2019,"E","South East","E07000181","West Oxfordshire","Male",0,81.9694394705674,69.0629164693678
2019,"E","South East","E07000207","Elmbridge","Male",0,82.7358644919784,69.6664163765385
2019,"E","South East","E07000208","Epsom and Ewell","Male",0,82.925114006679,69.8016970926872
2019,"E","South East","E07000209","Guildford","Male",0,82.8984465912932,69.7925538566299
2019,"E","South East","E07000210","Mole Valley","Male",0,82.4246821021811,69.4041734324165
2019,"E","South East","E07000211","Reigate and Banstead","Male",0,81.5668105532436,68.7584138806863
2019,"E","South East","E07000212","Runnymede","Male",0,81.5953252238533,68.7469249213568
2019,"E","South East","E07000213","Spelthorne","Male",0,81.0120836559444,68.2893716497316
2019,"E","South East","E07000214","Surrey Heath","Male",0,82.6262149335645,69.6137624560936
2019,"E","South East","E07000215","Tandridge","Male",0,81.6971893558263,68.8598688058934
2019,"E","South East","E07000216","Waverley","Male",0,82.7449077881557,69.6586179726103
2019,"E","South East","E07000217","Woking","Male",0,82.3222408813739,69.3185605528494
2019,"E","South East","E07000223","Adur","Male",0,81.6499509461473,68.8557715208415
2019,"E","South East","E07000224","Arun","Male",0,80.1398056265135,67.5680164691651
2019,"E","South East","E07000225","Chichester","Male",0,81.5393728729292,68.7298663414553
2019,"E","South East","E07000226","Crawley","Male",0,80.2213154376652,67.6831016576805
2019,"E","South East","E07000227","Horsham","Male",0,82.9841173645845,69.8664481948481
2019,"E","South East","E07000228","Mid Sussex","Male",0,82.0957131682767,69.1597996255816
2019,"E","South East","E07000229","Worthing","Male",0,80.2939912726786,67.7305379783778
2019,"E","South West","E06000022","Bath and North East Somerset","Female",0,85.1264893687456,69.0445718474225
2019,"E","South West","E06000023","Bristol, City of","Female",0,82.9132960265136,67.3774455328586
2019,"E","South West","E06000024","North Somerset","Female",0,84.9553620436513,68.9159486110775
2019,"E","South West","E06000025","South Gloucestershire","Female",0,84.7238902461552,68.7135011895278
2019,"E","South West","E06000026","Plymouth","Female",0,82.7742255297397,67.2746698490198
2019,"E","South West","E06000027","Torbay","Female",0,83.073607712764,67.4627008698231
2019,"E","South West","E06000030","Swindon","Female",0,84.0044585154897,68.204378300686
2019,"E","South West","E06000052","Cornwall","Female",0,83.9584944179558,68.1355114357384
2019,"E","South West","E06000054","Wiltshire","Female",0,84.7355804353389,68.7294522523795
2019,"E","South West","E06000058","Bournemouth, Christchurch and Poole","Female",0,84.0039958076275,68.1787281245776
2019,"E","South West","E06000059","Dorset","Female",0,85.4611850501004,69.27985933801
2019,"E","South West","E07000040","East Devon","Female",0,85.9564890452413,69.6467207816899
2019,"E","South West","E07000041","Exeter","Female",0,84.2432394449874,68.3682489908097
2019,"E","South West","E07000042","Mid Devon","Female",0,85.683674446192,69.4678651609867
2019,"E","South West","E07000043","North Devon","Female",0,84.1416131696181,68.2954780090551
2019,"E","South West","E07000044","South Hams","Female",0,86.5278660408201,70.0876374351
2019,"E","South West","E07000045","Teignbridge","Female",0,85.2392210168588,69.1212250593469
2019,"E","South West","E07000046","Torridge","Female",0,84.1700295429332,68.3564212622323
2019,"E","South West","E07000047","West Devon","Female",0,84.8678802844315,68.849198465152
2019,"E","South West","E07000078","Cheltenham","Female",0,84.0016834669505,68.1918727198992
2019,"E","South West","E07000079","Cotswold","Female",0,85.7739652026326,69.5309451132576
2019,"E","South West","E07000080","Forest of Dean","Female",0,84.5949069393286,68.6704088554288
2019,"E","South West","E07000081","Gloucester","Female",0,82.9891345388657,67.4029206645685
2019,"E","South West","E07000082","Stroud","Female",0,84.2016481382692,68.3462735313102
2019,"E","South West","E07000083","Tewkesbury","Female",0,86.1923740999271,69.8421209008627
2019,"E","South West","E07000187","Mendip","Female",0,84.7521207326141,68.7569213131475
2019,"E","South West","E07000188","Sedgemoor","Female",0,84.2149388328229,68.3638398995996
2019,"E","South West","E07000189","South Somerset","Female",0,85.3118180615259,69.1814182698671
2019,"E","South West","E07000246","Somerset West and Taunton","Female",0,84.4485605601291,68.5242742550355
2019,"E","South West","E06000022","Bath and North East Somerset","Male",0,81.365882754526,67.5687658849634
2019,"E","South West","E06000023","Bristol, City of","Male",0,78.7647462161723,65.5181616494295
2019,"E","South West","E06000024","North Somerset","Male",0,80.9824396367393,67.2644340328199
2019,"E","South West","E06000025","South Gloucestershire","Male",0,81.940753961054,68.018701831015
2019,"E","South West","E06000026","Plymouth","Male",0,79.0016676789106,65.6887137910954
2019,"E","South West","E06000027","Torbay","Male",0,78.9452842673877,65.6174469797107
2019,"E","South West","E06000030","Swindon","Male",0,80.0511208997283,66.530588313293
2019,"E","South West","E06000052","Cornwall","Male",0,80.2014922778234,66.6390369833179
2019,"E","South West","E06000054","Wiltshire","Male",0,81.3402010270538,67.5322582453911
2019,"E","South West","E06000058","Bournemouth, Christchurch and Poole","Male",0,80.6816943296679,67.0149870525307
2019,"E","South West","E06000059","Dorset","Male",0,81.5709613363164,67.7052140945658
2019,"E","South West","E07000040","East Devon","Male",0,82.5580025824348,68.5155604248197
2019,"E","South West","E07000041","Exeter","Male",0,79.3378699825379,65.957553708123
2019,"E","South West","E07000042","Mid Devon","Male",0,81.5424436070622,67.7152476512334
2019,"E","South West","E07000043","North Devon","Male",0,80.8986527064829,67.2112777907782
2019,"E","South West","E07000044","South Hams","Male",0,82.6657748703699,68.5884073170061
2019,"E","South West","E07000045","Teignbridge","Male",0,80.8861407946497,67.1828771305369
2019,"E","South West","E07000046","Torridge","Male",0,81.3501311143991,67.57877078512
2019,"E","South West","E07000047","West Devon","Male",0,81.9816531086987,68.0472002069417
2019,"E","South West","E07000078","Cheltenham","Male",0,80.297786949047,66.7285046894461
2019,"E","South West","E07000079","Cotswold","Male",0,82.968306236865,68.841245022098
2019,"E","South West","E07000080","Forest of Dean","Male",0,81.529383492068,67.7100440784208
2019,"E","South West","E07000081","Gloucester","Male",0,78.7264104169522,65.4796543478026
2019,"E","South West","E07000082","Stroud","Male",0,80.6834271548427,67.0260057175883
2019,"E","South West","E07000083","Tewkesbury","Male",0,81.5510616734131,67.7281210080322
2019,"E","South West","E07000187","Mendip","Male",0,81.5394837682064,67.7115284948561
2019,"E","South West","E07000188","Sedgemoor","Male",0,80.1637834965309,66.6073836046689
2019,"E","South West","E07000189","South Somerset","Male",0,81.1484063718513,67.3854963299194
2019,"E","South West","E07000246","Somerset West and Taunton","Male",0,80.2787365769259,66.6744670140609
2019,"W","Wales","W06000001","Isle of Anglesey","Female",0,83.7771755863361,66.3738167188336
2019,"W","Wales","W06000002","Gwynedd","Female",0,83.5553328312743,66.2303830243881
2019,"W","Wales","W06000003","Conwy","Female",0,83.5485171701138,66.1558144930327
2019,"W","Wales","W06000004","Denbighshire","Female",0,82.1364252542267,65.2974776428893
2019,"W","Wales","W06000005","Flintshire","Female",0,82.3890193529422,65.4148419817668
2019,"W","Wales","W06000006","Wrexham","Female",0,81.696427506977,64.926550206288
2019,"W","Wales","W06000008","Ceredigion","Female",0,84.7105687009401,67.0521553955723
2019,"W","Wales","W06000009","Pembrokeshire","Female",0,83.4447602605568,66.1439451271609
2019,"W","Wales","W06000010","Carmarthenshire","Female",0,82.8323659417672,65.7813376171949
2019,"W","Wales","W06000011","Swansea","Female",0,82.2088190321611,65.2744283142772
2019,"W","Wales","W06000012","Neath Port Talbot","Female",0,81.4078487781261,64.7370755226142
2019,"W","Wales","W06000013","Bridgend","Female",0,81.7232383460091,65.0090164303026
2019,"W","Wales","W06000014","Vale of Glamorgan","Female",0,84.1360365510982,66.6581526648162
2019,"W","Wales","W06000015","Cardiff","Female",0,82.9787023839688,65.8474891127008
2019,"W","Wales","W06000016","Rhondda Cynon Taff","Female",0,80.6506051935299,64.2262909154516
2019,"W","Wales","W06000018","Caerphilly","Female",0,81.4262353054539,64.7400735031471
2019,"W","Wales","W06000019","Blaenau Gwent","Female",0,80.7263069062203,64.3284210312026
2019,"W","Wales","W06000020","Torfaen","Female",0,81.7530430129832,64.9829820799385
2019,"W","Wales","W06000021","Monmouthshire","Female",0,84.9763058611738,67.2545051400704
2019,"W","Wales","W06000022","Newport","Female",0,82.1043187869223,65.242559968485
2019,"W","Wales","W06000023","Powys","Female",0,84.1611906842101,66.6763088677787
2019,"W","Wales","W06000024","Merthyr Tydfil","Female",0,80.8098688456564,64.3833045519764
2019,"W","Wales","W06000001","Isle of Anglesey","Male",0,80.4762037764163,66.6324329101221
2019,"W","Wales","W06000002","Gwynedd","Male",0,79.642503977279,66.0107501400287
2019,"W","Wales","W06000003","Conwy","Male",0,78.6787135638267,65.1986524631574
2019,"W","Wales","W06000004","Denbighshire","Male",0,79.0351258994411,65.5715540113575
2019,"W","Wales","W06000005","Flintshire","Male",0,79.7303831409739,66.0789714422667
2019,"W","Wales","W06000006","Wrexham","Male",0,78.4874001330192,65.1002635290581
2019,"W","Wales","W06000008","Ceredigion","Male",0,79.7215433244479,66.0450142494756
2019,"W","Wales","W06000009","Pembrokeshire","Male",0,79.6223530296432,65.9333560543858
2019,"W","Wales","W06000010","Carmarthenshire","Male",0,78.7689274706346,65.3245333688998
2019,"W","Wales","W06000011","Swansea","Male",0,77.8499490956814,64.6215398957158
2019,"W","Wales","W06000012","Neath Port Talbot","Male",0,77.4413153750491,64.358204466934
2019,"W","Wales","W06000013","Bridgend","Male",0,76.9930434683259,63.9644608417878
2019,"W","Wales","W06000014","Vale of Glamorgan","Male",0,80.195098768875,66.4546306475206
2019,"W","Wales","W06000015","Cardiff","Male",0,78.3735892429745,65.0639929441618
2019,"W","Wales","W06000016","Rhondda Cynon Taff","Male",0,77.221506904085,64.1759973045559
2019,"W","Wales","W06000018","Caerphilly","Male",0,77.8663175959194,64.6814886163651
2019,"W","Wales","W06000019","Blaenau Gwent","Male",0,77.515593268736,64.4308291249728
2019,"W","Wales","W06000020","Torfaen","Male",0,78.4734097024391,65.0990472057804
2019,"W","Wales","W06000021","Monmouthshire","Male",0,82.226867289697,67.9597347531709
2019,"W","Wales","W06000022","Newport","Male",0,77.7682375189364,64.5927302273754
2019,"W","Wales","W06000023","Powys","Male",0,81.1759731192526,67.1901847430524
2019,"W","Wales","W06000024","Merthyr Tydfil","Male",0,76.786432116472,63.8433829007749
2019,"E","West Midlands","E06000019","Herefordshire, County of","Female",0,84.3669368806548,67.1416809196083
2019,"E","West Midlands","E06000020","Telford and Wrekin","Female",0,82.3229009698897,65.6821975874306
2019,"E","West Midlands","E06000021","Stoke-on-Trent","Female",0,80.1222091693792,64.0633072577369
2019,"E","West Midlands","E06000051","Shropshire","Female",0,83.9205119075456,66.8167899205926
2019,"E","West Midlands","E07000192","Cannock Chase","Female",0,82.9856776001922,66.1440581611382
2019,"E","West Midlands","E07000193","East Staffordshire","Female",0,83.1084292873481,66.2325408311816
2019,"E","West Midlands","E07000194","Lichfield","Female",0,83.9673425528981,66.8777613033512
2019,"E","West Midlands","E07000195","Newcastle-under-Lyme","Female",0,82.6948070290684,65.9286710207612
2019,"E","West Midlands","E07000196","South Staffordshire","Female",0,84.1652223824235,67.0091163043813
2019,"E","West Midlands","E07000197","Stafford","Female",0,84.765123686709,67.4635651298403
2019,"E","West Midlands","E07000198","Staffordshire Moorlands","Female",0,83.7770200433206,66.7412259364852
2019,"E","West Midlands","E07000199","Tamworth","Female",0,82.7847284767743,66.0177711246108
2019,"E","West Midlands","E07000218","North Warwickshire","Female",0,82.7671266705967,66.0748964051359
2019,"E","West Midlands","E07000219","Nuneaton and Bedworth","Female",0,82.0590271031391,65.4947234985108
2019,"E","West Midlands","E07000220","Rugby","Female",0,84.4708791157271,67.2281200463177
2019,"E","West Midlands","E07000221","Stratford-on-Avon","Female",0,85.6281290624789,68.0686630976226
2019,"E","West Midlands","E07000222","Warwick","Female",0,84.6658018506781,67.3535639929545
2019,"E","West Midlands","E07000234","Bromsgrove","Female",0,84.6073029860769,67.3624679264944
2019,"E","West Midlands","E07000235","Malvern Hills","Female",0,84.3170076527036,67.1519091383386
2019,"E","West Midlands","E07000236","Redditch","Female",0,82.9843110983572,66.1383079833548
2019,"E","West Midlands","E07000237","Worcester","Female",0,82.7154211804185,65.976242925569
2019,"E","West Midlands","E07000238","Wychavon","Female",0,84.9816654855865,67.5426601870472
2019,"E","West Midlands","E07000239","Wyre Forest","Female",0,83.5634486940858,66.6040672820394
2019,"E","West Midlands","E08000025","Birmingham","Female",0,81.8693417391156,65.3107087181515
2019,"E","West Midlands","E08000026","Coventry","Female",0,82.2918775895072,65.6605689509746
2019,"E","West Midlands","E08000027","Dudley","Female",0,82.7517635720667,65.9662784621629
2019,"E","West Midlands","E08000028","Sandwell","Female",0,80.976747129023,64.7018769638038
2019,"E","West Midlands","E08000029","Solihull","Female",0,84.1926568238698,67.0126668559043
2019,"E","West Midlands","E08000030","Walsall","Female",0,81.9880872433111,65.4056094296642
2019,"E","West Midlands","E08000031","Wolverhampton","Female",0,81.6632196820115,65.1977590397102
2019,"E","West Midlands","E06000019","Herefordshire, County of","Male",0,80.4250803644277,67.6683811372764
2019,"E","West Midlands","E06000020","Telford and Wrekin","Male",0,78.5913689049097,66.2790129899379
2019,"E","West Midlands","E06000021","Stoke-on-Trent","Male",0,76.2445519868951,64.4412619192265
2019,"E","West Midlands","E06000051","Shropshire","Male",0,80.5163308170049,67.766869132114
2019,"E","West Midlands","E07000192","Cannock Chase","Male",0,78.5107037713151,66.2231204021884
2019,"E","West Midlands","E07000193","East Staffordshire","Male",0,78.6652824686627,66.3373334954891
2019,"E","West Midlands","E07000194","Lichfield","Male",0,81.1031436141537,68.26842895288
2019,"E","West Midlands","E07000195","Newcastle-under-Lyme","Male",0,78.7321786462256,66.3868508784518
2019,"E","West Midlands","E07000196","South Staffordshire","Male",0,80.6971792211397,67.9529282843873
2019,"E","West Midlands","E07000197","Stafford","Male",0,80.3923824074022,67.6774082470622
2019,"E","West Midlands","E07000198","Staffordshire Moorlands","Male",0,81.0816667230319,68.2757263873021
2019,"E","West Midlands","E07000199","Tamworth","Male",0,79.3139272727119,66.8703172351498
2019,"E","West Midlands","E07000218","North Warwickshire","Male",0,79.4985336548586,67.0347069662631
2019,"E","West Midlands","E07000219","Nuneaton and Bedworth","Male",0,77.6536694474959,65.5548066196609
2019,"E","West Midlands","E07000220","Rugby","Male",0,80.2709595241311,67.5683288028329
2019,"E","West Midlands","E07000221","Stratford-on-Avon","Male",0,81.8831515384599,68.8356392268394
2019,"E","West Midlands","E07000222","Warwick","Male",0,81.4034993793354,68.4889441160032
2019,"E","West Midlands","E07000234","Bromsgrove","Male",0,81.446940949285,68.5251129126874
2019,"E","West Midlands","E07000235","Malvern Hills","Male",0,82.14183881659,69.067722772325
2019,"E","West Midlands","E07000236","Redditch","Male",0,79.1905492254923,66.7529983508119
2019,"E","West Midlands","E07000237","Worcester","Male",0,79.8027870759707,67.2491773199299
2019,"E","West Midlands","E07000238","Wychavon","Male",0,81.6216464873332,68.6254427438678
2019,"E","West Midlands","E07000239","Wyre Forest","Male",0,78.833603281199,66.4565147635532
2019,"E","West Midlands","E08000025","Birmingham","Male",0,77.3019340928778,65.2498809010912
2019,"E","West Midlands","E08000026","Coventry","Male",0,78.3972734928591,66.1205627550245
2019,"E","West Midlands","E08000027","Dudley","Male",0,79.2002784162449,66.7700882397756
2019,"E","West Midlands","E08000028","Sandwell","Male",0,76.423444353309,64.5904754412745
2019,"E","West Midlands","E08000029","Solihull","Male",0,80.7611744912508,67.9631540155378
2019,"E","West Midlands","E08000030","Walsall","Male",0,77.8440182081323,65.6847816835301
2019,"E","West Midlands","E08000031","Wolverhampton","Male",0,76.816826160941,64.8974882181568
2019,"E","Yorkshire and The Humber","E06000010","Kingston upon Hull, City of","Female",0,80.2884713014919,64.7187668688716
2019,"E","Yorkshire and The Humber","E06000011","East Riding of Yorkshire","Female",0,84.0770900881572,67.4481998124885
2019,"E","Yorkshire and The Humber","E06000012","North East Lincolnshire","Female",0,82.6652117382255,66.4330274791614
2019,"E","Yorkshire and The Humber","E06000013","North Lincolnshire","Female",0,83.2507847647485,66.8511083625972
2019,"E","Yorkshire and The Humber","E06000014","York","Female",0,83.7211187121184,67.1877526685937
2019,"E","Yorkshire and The Humber","E07000163","Craven","Female",0,85.4560451517889,68.4910865092228
2019,"E","Yorkshire and The Humber","E07000164","Hambleton","Female",0,85.2703482220064,68.3100335918029
2019,"E","Yorkshire and The Humber","E07000165","Harrogate","Female",0,85.6137822058894,68.5968745655796
2019,"E","Yorkshire and The Humber","E07000166","Richmondshire","Female",0,84.3119249890108,67.6586295181788
2019,"E","Yorkshire and The Humber","E07000167","Ryedale","Female",0,86.0979207128629,68.8892647388483
2019,"E","Yorkshire and The Humber","E07000168","Scarborough","Female",0,83.1455180104437,66.7391271984473
2019,"E","Yorkshire and The Humber","E07000169","Selby","Female",0,84.4299499111678,67.7352894492655
2019,"E","Yorkshire and The Humber","E08000016","Barnsley","Female",0,81.4758034092501,65.5734469689767
2019,"E","Yorkshire and The Humber","E08000017","Doncaster","Female",0,81.3711284719435,65.4754467170576
2019,"E","Yorkshire and The Humber","E08000018","Rotherham","Female",0,81.160277303147,65.3299186090005
2019,"E","Yorkshire and The Humber","E08000019","Sheffield","Female",0,82.634389596832,66.4112922697668
2019,"E","Yorkshire and The Humber","E08000032","Bradford","Female",0,81.7929359143359,65.7851357297784
2019,"E","Yorkshire and The Humber","E08000033","Calderdale","Female",0,82.654475118033,66.3944418076649
2019,"E","Yorkshire and The Humber","E08000034","Kirklees","Female",0,82.4517521288745,66.2612073352932
2019,"E","Yorkshire and The Humber","E08000035","Leeds","Female",0,82.062001208736,65.9776091777185
2019,"E","Yorkshire and The Humber","E08000036","Wakefield","Female",0,81.5859169298723,65.6242866214392
2019,"E","Yorkshire and The Humber","E06000010","Kingston upon Hull, City of","Male",0,75.9297012763593,63.9642966686568
2019,"E","Yorkshire and The Humber","E06000011","East Riding of Yorkshire","Male",0,80.3270234991717,67.3993236908419
2019,"E","Yorkshire and The Humber","E06000012","North East Lincolnshire","Male",0,78.1605822327148,65.698987324613
2019,"E","Yorkshire and The Humber","E06000013","North Lincolnshire","Male",0,79.1158942324891,66.4682660124236
2019,"E","Yorkshire and The Humber","E06000014","York","Male",0,80.3208550353965,67.4062583049741
2019,"E","Yorkshire and The Humber","E07000163","Craven","Male",0,81.9174642746216,68.6540183128481
2019,"E","Yorkshire and The Humber","E07000164","Hambleton","Male",0,82.5585151446045,69.1601425594995
2019,"E","Yorkshire and The Humber","E07000165","Harrogate","Male",0,81.3032565397696,68.1626037468266
2019,"E","Yorkshire and The Humber","E07000166","Richmondshire","Male",0,82.2084694475228,68.9141320548069
2019,"E","Yorkshire and The Humber","E07000167","Ryedale","Male",0,82.6061108985929,69.2080869936422
2019,"E","Yorkshire and The Humber","E07000168","Scarborough","Male",0,78.3309733128669,65.8085734367018
2019,"E","Yorkshire and The Humber","E07000169","Selby","Male",0,80.8051628254981,67.7878450765583
2019,"E","Yorkshire and The Humber","E08000016","Barnsley","Male",0,77.4388208150649,65.1320037487947
2019,"E","Yorkshire and The Humber","E08000017","Doncaster","Male",0,77.9753657144756,65.5545134195647
2019,"E","Yorkshire and The Humber","E08000018","Rotherham","Male",0,77.9268215884025,65.5255773646776
2019,"E","Yorkshire and The Humber","E08000019","Sheffield","Male",0,78.7757245458911,66.1932794998308
2019,"E","Yorkshire and The Humber","E08000032","Bradford","Male",0,77.4870395588134,65.1699033943951
2019,"E","Yorkshire and The Humber","E08000033","Calderdale","Male",0,78.9277292999037,66.3068787180786
2019,"E","Yorkshire and The Humber","E08000034","Kirklees","Male",0,78.6047342673586,66.0425254192784
2019,"E","Yorkshire and The Humber","E08000035","Leeds","Male",0,78.1195363021039,65.6666734108791
2019,"E","Yorkshire and The Humber","E08000036","Wakefield","Male",0,77.5954792521264,65.2576567167717
