"year","ctr_code","RGN21NM","geography_code","geography_name","sex_name","age_code","ex","e_dagger","h","QALE"
2019,"E","East Midlands","E06000015","Derby","Female",0,81.8257566933557,10.5414488374822,0.128828003106487,66.0469962164886
2019,"E","East Midlands","E06000016","Leicester","Female",0,81.7428514595597,10.0319764228395,0.122726039570599,66.008820876164
2019,"E","East Midlands","E06000017","Rutland","Female",0,86.1552558547527,8.90672610246063,0.103379950695942,69.3702429874997
2019,"E","East Midlands","E06000018","Nottingham","Female",0,81.1910146507219,10.6607111969238,0.131304076476755,65.5654818278744
2019,"E","East Midlands","E06000061","North Northamptonshire","Female",0,82.7044553964445,9.68671496226686,0.117124463438318,66.7212200514828
2019,"E","East Midlands","E06000062","West Northamptonshire","Female",0,83.0918495569737,10.0452544685976,0.120893379099834,67.0090418712814
2019,"E","East Midlands","E07000032","Amber Valley","Female",0,83.6266732676824,9.51738587541589,0.113808017269221,67.4421153741388
2019,"E","East Midlands","E07000033","Bolsover","Female",0,82.7540482991675,9.16595209336461,0.110761373996211,66.7974188038968
2019,"E","East Midlands","E07000034","Chesterfield","Female",0,82.1086198166263,10.0540247038233,0.122447859022317,66.2821636537021
2019,"E","East Midlands","E07000035","Derbyshire Dales","Female",0,85.7368190994389,8.43725178909619,0.0984087335839989,69.0523554614085
2019,"E","East Midlands","E07000036","Erewash","Female",0,82.8926664532428,10.1680319714797,0.122665036685907,66.8576868861201
2019,"E","East Midlands","E07000037","High Peak","Female",0,83.411382543793,9.05373805379311,0.108543196116426,67.2912317718375
2019,"E","East Midlands","E07000038","North East Derbyshire","Female",0,83.4010477512323,8.98265860625482,0.107704385597747,67.2803341829775
2019,"E","East Midlands","E07000039","South Derbyshire","Female",0,83.6323925589295,9.71001208586,0.116103483216961,67.4233709417347
2019,"E","East Midlands","E07000129","Blaby","Female",0,85.7004661049593,9.01196415055041,0.105156536015957,69.0328415189387
2019,"E","East Midlands","E07000130","Charnwood","Female",0,84.1565110801325,9.88405464687293,0.117448484021177,67.8261670321976
2019,"E","East Midlands","E07000131","Harborough","Female",0,85.3302348649894,8.82367312063693,0.103406174078835,68.7411999934197
2019,"E","East Midlands","E07000132","Hinckley and Bosworth","Female",0,83.8671974611396,9.54926583982727,0.113861749634021,67.6068801570581
2019,"E","East Midlands","E07000133","Melton","Female",0,85.0158934781805,9.06780253882482,0.106660086341998,68.5012704899663
2019,"E","East Midlands","E07000134","North West Leicestershire","Female",0,84.0702441774136,9.42205615762219,0.112073614746959,67.7849962903551
2019,"E","East Midlands","E07000135","Oadby and Wigston","Female",0,84.886196988511,8.917312512154,0.105050206376437,68.4187914891359
2019,"E","East Midlands","E07000136","Boston","Female",0,83.0609309010269,9.61767753218467,0.115790630177801,67.0107167539465
2019,"E","East Midlands","E07000137","East Lindsey","Female",0,82.0881978643428,9.9881071263599,0.121675312483605,66.262843190925
2019,"E","East Midlands","E07000138","Lincoln","Female",0,81.2044152592044,10.6800582894805,0.131520659996008,65.5744059767019
2019,"E","East Midlands","E07000139","North Kesteven","Female",0,83.9005749795497,9.06423629146419,0.108035449026107,67.6635276079657
2019,"E","East Midlands","E07000140","South Holland","Female",0,83.8406534845119,9.54488897199875,0.113845593698313,67.6030320293964
2019,"E","East Midlands","E07000141","South Kesteven","Female",0,84.5575000851943,8.92968113452975,0.105604838429859,68.1547144927387
2019,"E","East Midlands","E07000142","West Lindsey","Female",0,84.3755763693416,9.14415792265412,0.108374464698492,68.018996413931
2019,"E","East Midlands","E07000170","Ashfield","Female",0,81.8503581308913,10.3388148094608,0.12631361725904,66.0650823572178
2019,"E","East Midlands","E07000171","Bassetlaw","Female",0,82.6811063751369,9.74570559123878,0.117871010905696,66.7177373906679
2019,"E","East Midlands","E07000172","Broxtowe","Female",0,83.1796832873109,9.63362068312839,0.115816991630672,67.0947437110268
2019,"E","East Midlands","E07000173","Gedling","Female",0,83.5797491613399,8.95445449813177,0.107136651975903,67.4089739955149
2019,"E","East Midlands","E07000174","Mansfield","Female",0,81.4965273785562,10.1408301014776,0.124432665141336,65.7993931387327
2019,"E","East Midlands","E07000175","Newark and Sherwood","Female",0,83.0711309163531,9.7965654187214,0.117929842902775,66.9962990238414
2019,"E","East Midlands","E07000176","Rushcliffe","Female",0,85.2231730566437,9.1096403442783,0.106891588491121,68.6514726508226
2019,"E","East Midlands","E06000015","Derby","Male",0,78.0262474368321,11.5419518186372,0.147923964022251,65.8221146402128
2019,"E","East Midlands","E06000016","Leicester","Male",0,77.1169144542821,11.721653432118,0.151998475497448,65.1105678397374
2019,"E","East Midlands","E06000017","Rutland","Male",0,84.1776783543199,8.7680786962588,0.104161564771985,70.696662725034
2019,"E","East Midlands","E06000018","Nottingham","Male",0,76.8288705583602,11.6331883635236,0.151416886373292,64.8915128919808
2019,"E","East Midlands","E06000061","North Northamptonshire","Male",0,79.4605540720925,10.6596502299919,0.134150212699507,66.9723211371998
2019,"E","East Midlands","E06000062","West Northamptonshire","Male",0,80.0383699202775,10.9434820701679,0.136727947871354,67.4100139962537
2019,"E","East Midlands","E07000032","Amber Valley","Male",0,80.1903018142412,10.112585796941,0.12610734176268,67.551604224405
2019,"E","East Midlands","E07000033","Bolsover","Male",0,78.6352987754434,10.6861102393272,0.135894571594917,66.3409285007389
2019,"E","East Midlands","E07000034","Chesterfield","Male",0,78.2733784388193,11.4014535650551,0.145661958030428,66.0160949507458
2019,"E","East Midlands","E07000035","Derbyshire Dales","Male",0,82.4403529201209,9.48493688384582,0.11505211401795,69.3337760232803
2019,"E","East Midlands","E07000036","Erewash","Male",0,79.2578380412977,10.6406593985297,0.134253717505962,66.8164612098401
2019,"E","East Midlands","E07000037","High Peak","Male",0,79.6344766485142,10.8894892844799,0.13674340239019,67.0837114917844
2019,"E","East Midlands","E07000038","North East Derbyshire","Male",0,80.1982042371434,10.4234463645878,0.129971069349209,67.5627095105297
2019,"E","East Midlands","E07000039","South Derbyshire","Male",0,79.7157621396568,10.4051127842913,0.130527671128104,67.1694744799014
2019,"E","East Midlands","E07000129","Blaby","Male",0,81.8869786525489,9.57168468438143,0.116888971139046,68.897174709712
2019,"E","East Midlands","E07000130","Charnwood","Male",0,80.4960681281899,10.3353244966774,0.128395395415071,67.7853393281983
2019,"E","East Midlands","E07000131","Harborough","Male",0,82.1080503630091,10.0454051820686,0.122343730458301,69.0459245971849
2019,"E","East Midlands","E07000132","Hinckley and Bosworth","Male",0,80.8959231852734,10.2126428438853,0.126244221485619,68.1033855765596
2019,"E","East Midlands","E07000133","Melton","Male",0,82.0019297718142,9.45113738742197,0.115255060627494,69.0026957527959
2019,"E","East Midlands","E07000134","North West Leicestershire","Male",0,80.2770079410385,10.0223368053315,0.124846915229983,67.6270709580112
2019,"E","East Midlands","E07000135","Oadby and Wigston","Male",0,80.4865623947181,10.5893997999572,0.131567301235021,67.7803741073275
2019,"E","East Midlands","E07000136","Boston","Male",0,78.1378994780877,11.0583748843146,0.141523831049691,65.9380175375539
2019,"E","East Midlands","E07000137","East Lindsey","Male",0,78.981164804679,10.8936343418419,0.137926990172681,66.5986723493033
2019,"E","East Midlands","E07000138","Lincoln","Male",0,76.7407072219292,12.112723812027,0.157839616684764,64.7953911950564
2019,"E","East Midlands","E07000139","North Kesteven","Male",0,81.0096531895733,9.85956260499409,0.121708490492132,68.2144350404747
2019,"E","East Midlands","E07000140","South Holland","Male",0,80.1299358050324,10.5563805794577,0.131740784182617,67.4820600717345
2019,"E","East Midlands","E07000141","South Kesteven","Male",0,81.2331472553447,10.2208080544833,0.125820658189638,68.3627014683165
2019,"E","East Midlands","E07000142","West Lindsey","Male",0,80.6810076312757,10.1109214106064,0.125319721548531,67.9394491900619
2019,"E","East Midlands","E07000170","Ashfield","Male",0,78.6778976118555,10.7764588181782,0.136969328684176,66.3643160761254
2019,"E","East Midlands","E07000171","Bassetlaw","Male",0,79.379235756675,11.1613620438031,0.140608081413338,66.8909965580449
2019,"E","East Midlands","E07000172","Broxtowe","Male",0,80.6775839342887,10.0609759899427,0.124705965391047,67.9383657670177
2019,"E","East Midlands","E07000173","Gedling","Male",0,80.4750326954394,10.0914957885043,0.125399089015545,67.7755777589286
2019,"E","East Midlands","E07000174","Mansfield","Male",0,78.3497051661437,10.678878363287,0.136297620273644,66.1116364481065
2019,"E","East Midlands","E07000175","Newark and Sherwood","Male",0,80.5008937117326,10.2678902286363,0.1275500153502,67.7899738245115
2019,"E","East Midlands","E07000176","Rushcliffe","Male",0,82.6207390864414,9.84907786781929,0.119208300200689,69.4464648003736
2019,"E","East of England","E06000031","Peterborough","Female",0,82.7046295510862,10.1928424815334,0.123243916777807,67.2323171814217
2019,"E","East of England","E06000032","Luton","Female",0,82.4982878106455,10.3919817922483,0.125966029938713,67.0744864411895
2019,"E","East of England","E06000033","Southend-on-Sea","Female",0,83.1064701356909,9.61620759035142,0.115709493793332,67.5611893088277
2019,"E","East of England","E06000034","Thurrock","Female",0,82.7701039085258,9.40400056574923,0.113615908663618,67.3119862950546
2019,"E","East of England","E06000055","Bedford","Female",0,83.3812883621537,9.98961353526491,0.119806418580108,67.7440644550081
2019,"E","East of England","E06000056","Central Bedfordshire","Female",0,84.3328545283554,9.63781041102112,0.114282985734588,68.4688440483165
2019,"E","East of England","E07000008","Cambridge","Female",0,85.0644944942418,9.06157080401574,0.106525887891206,69.0375085569346
2019,"E","East of England","E07000009","East Cambridgeshire","Female",0,85.4809969503224,9.1782740332269,0.107372098602931,69.3536950209165
2019,"E","East of England","E07000010","Fenland","Female",0,82.2234772727159,10.6808230301266,0.129899918908816,66.8531185137995
2019,"E","East of England","E07000011","Huntingdonshire","Female",0,84.6135518245574,9.02962881073771,0.106716106534096,68.704223755765
2019,"E","East of England","E07000012","South Cambridgeshire","Female",0,86.2133904705922,9.19251711451033,0.106625166512225,69.8774801148583
2019,"E","East of England","E07000066","Basildon","Female",0,83.3360460278303,9.8266576291216,0.117916053106719,67.7183582508998
2019,"E","East of England","E07000067","Braintree","Female",0,83.6884269470803,9.05506611312177,0.108199740913372,68.0204136442143
2019,"E","East of England","E07000068","Brentwood","Female",0,85.3395637550838,9.09557479810847,0.106580985393971,69.2548478172951
2019,"E","East of England","E07000069","Castle Point","Female",0,84.102139227476,9.505559011497,0.113023986058033,68.3121752643157
2019,"E","East of England","E07000070","Chelmsford","Female",0,84.867090181022,8.99974592620982,0.106045180847055,68.8986295383505
2019,"E","East of England","E07000071","Colchester","Female",0,84.0248632333778,9.56683996079261,0.113857251206954,68.2430323543938
2019,"E","East of England","E07000072","Epping Forest","Female",0,84.346174789614,8.78472833006405,0.104150880012946,68.518488531592
2019,"E","East of England","E07000073","Harlow","Female",0,83.1236448790185,9.51837815060396,0.114508671563397,67.5810964447354
2019,"E","East of England","E07000074","Maldon","Female",0,84.4213018256157,8.87739090478364,0.105155816278706,68.5796953855158
2019,"E","East of England","E07000075","Rochford","Female",0,84.6448570351286,9.51486648301046,0.112409268752875,68.6996373269138
2019,"E","East of England","E07000076","Tendring","Female",0,82.4275835507048,10.1660838546714,0.123333517940845,67.0206103895137
2019,"E","East of England","E07000077","Uttlesford","Female",0,85.7213962302519,8.88412837997624,0.103639566907112,69.5326282989609
2019,"E","East of England","E07000095","Broxbourne","Female",0,84.4689049017687,9.3695156939702,0.110922660887652,68.5870104022746
2019,"E","East of England","E07000096","Dacorum","Female",0,84.5089427001108,9.16291561868721,0.108425396483811,68.6238350938034
2019,"E","East of England","E07000098","Hertsmere","Female",0,85.0892068465433,8.99596410984306,0.105723915444025,69.0715236378341
2019,"E","East of England","E07000099","North Hertfordshire","Female",0,84.5705275977641,8.95419757247368,0.105878464127146,68.6740506250812
2019,"E","East of England","E07000102","Three Rivers","Female",0,84.9321473339021,8.55359465842249,0.100710919562588,68.9692386662566
2019,"E","East of England","E07000103","Watford","Female",0,83.2433193600298,8.90459372784746,0.106970670995649,67.6960326976541
2019,"E","East of England","E07000143","Breckland","Female",0,84.0196842416766,9.38178794341583,0.111661785307712,68.2391379512483
2019,"E","East of England","E07000144","Broadland","Female",0,85.6520338468025,8.47375724398052,0.0989323529565767,69.5037021081808
2019,"E","East of England","E07000145","Great Yarmouth","Female",0,83.4741351835725,9.92332825283846,0.118879078303902,67.8377097248908
2019,"E","East of England","E07000146","King's Lynn and West Norfolk","Female",0,83.4046501621183,9.93711642468505,0.119143433913693,67.7576920606257
2019,"E","East of England","E07000147","North Norfolk","Female",0,85.3797141285917,9.21851337329576,0.107970768787204,69.2709658507518
2019,"E","East of England","E07000148","Norwich","Female",0,83.0008293196221,10.3383466218984,0.124557148484471,67.4448391089582
2019,"E","East of England","E07000149","South Norfolk","Female",0,85.4143002921182,9.09439713804067,0.106473940627479,69.2917549208781
2019,"E","East of England","E07000200","Babergh","Female",0,85.8260456627499,8.63142295377808,0.100568806207092,69.6268639644675
2019,"E","East of England","E07000202","Ipswich","Female",0,83.2250318895224,9.66893377445359,0.116178192485269,67.6418713009484
2019,"E","East of England","E07000203","Mid Suffolk","Female",0,85.7241224723925,8.80672864144571,0.102733377577378,69.5402572320941
2019,"E","East of England","E07000240","St Albans","Female",0,85.6917162279515,8.67775099669314,0.101267093001255,69.5256230165547
2019,"E","East of England","E07000241","Welwyn Hatfield","Female",0,84.0983196326832,9.61473885696355,0.114327359915845,68.3061439200137
2019,"E","East of England","E07000242","East Hertfordshire","Female",0,85.4404055770718,8.60211715579021,0.100679732237819,69.3315581393038
2019,"E","East of England","E07000243","Stevenage","Female",0,83.5697231927326,9.9359618809046,0.118894277751642,67.9000631646233
2019,"E","East of England","E07000244","East Suffolk","Female",0,84.3370625907848,9.57473682844912,0.113529408474979,68.4693355823097
2019,"E","East of England","E07000245","West Suffolk","Female",0,84.5740376180062,9.40307472528758,0.11118157522239,68.6539270804328
2019,"E","East of England","E06000031","Peterborough","Male",0,79.0717083486887,11.4612351509439,0.144947357155893,67.1166563153863
2019,"E","East of England","E06000032","Luton","Male",0,78.407073343053,11.4727622120474,0.146323051261598,66.6078535419446
2019,"E","East of England","E06000033","Southend-on-Sea","Male",0,78.9166858372821,11.0294088984105,0.139760163283492,67.0316768317963
2019,"E","East of England","E06000034","Thurrock","Male",0,78.8149916052686,10.5170633609954,0.133439884301052,66.9755282760269
2019,"E","East of England","E06000055","Bedford","Male",0,79.3303732457278,11.4844043855472,0.144766801360861,67.3133802391823
2019,"E","East of England","E06000056","Central Bedfordshire","Male",0,80.9018730238572,10.6243855293586,0.13132434555904,68.5850914916749
2019,"E","East of England","E07000008","Cambridge","Male",0,81.2591207915588,10.9891706984395,0.135236150617828,68.8331933039826
2019,"E","East of England","E07000009","East Cambridgeshire","Male",0,82.0406262346084,10.0448725635212,0.122437785089502,69.4921379553966
2019,"E","East of England","E07000010","Fenland","Male",0,79.0288043870649,10.8097756543315,0.136782730526805,67.1385295331831
2019,"E","East of England","E07000011","Huntingdonshire","Male",0,81.6392350641249,10.015163399237,0.122675860343013,69.1920892262032
2019,"E","East of England","E07000012","South Cambridgeshire","Male",0,83.3140374602262,9.66775442789727,0.116039922234145,70.4810005653449
2019,"E","East of England","E07000066","Basildon","Male",0,79.4285338302642,10.7333632373074,0.135132334939534,67.4432360671789
2019,"E","East of England","E07000067","Braintree","Male",0,80.5067456825817,9.86871492194166,0.122582459870525,68.3214119065813
2019,"E","East of England","E07000068","Brentwood","Male",0,81.545077031552,10.0156291130704,0.122823222169439,69.1209533579237
2019,"E","East of England","E07000069","Castle Point","Male",0,79.9563135533041,10.2988503448719,0.128805967748951,67.8797387155833
2019,"E","East of England","E07000070","Chelmsford","Male",0,81.7816279229608,10.226818540486,0.125050317537329,69.2826032400295
2019,"E","East of England","E07000071","Colchester","Male",0,80.5779549515215,10.7031495302959,0.132829748989475,68.3225864354392
2019,"E","East of England","E07000072","Epping Forest","Male",0,80.8124314999041,10.2035857888222,0.126262576183397,68.5472259379095
2019,"E","East of England","E07000073","Harlow","Male",0,79.3394019741282,10.5637641649878,0.133146506050455,67.3930925812042
2019,"E","East of England","E07000074","Maldon","Male",0,81.465226252829,10.6466912436613,0.13069001012308,68.9939755322565
2019,"E","East of England","E07000075","Rochford","Male",0,81.9867498330326,9.82964138436042,0.11989304862528,69.4735708164433
2019,"E","East of England","E07000076","Tendring","Male",0,78.4026389532526,11.5683856555178,0.147550972900484,66.5964866025274
2019,"E","East of England","E07000077","Uttlesford","Male",0,83.4957456714979,9.48321888679967,0.11357727044094,70.6334840670225
2019,"E","East of England","E07000095","Broxbourne","Male",0,80.2173400560166,11.0096597989564,0.137247879214996,68.030148353131
2019,"E","East of England","E07000096","Dacorum","Male",0,81.5892441875286,10.0380290763919,0.123031279139196,69.1505152409369
2019,"E","East of England","E07000098","Hertsmere","Male",0,79.742538918792,10.5441318273856,0.132227189782902,67.6919697973339
2019,"E","East of England","E07000099","North Hertfordshire","Male",0,81.6602470279464,9.7424002114837,0.119304074700504,69.217763461126
2019,"E","East of England","E07000102","Three Rivers","Male",0,81.9976187602307,10.3307142385287,0.125987978611144,69.4484790538144
2019,"E","East of England","E07000103","Watford","Male",0,79.9278829466985,10.7090121204751,0.13398343263535,67.8250687112137
2019,"E","East of England","E07000143","Breckland","Male",0,80.2937227847241,10.3193829842596,0.128520420107148,68.1300874720535
2019,"E","East of England","E07000144","Broadland","Male",0,81.9395931043223,9.91557019654506,0.121010732673775,69.4161846274764
2019,"E","East of England","E07000145","Great Yarmouth","Male",0,79.0901743794596,11.0467438155489,0.139672771013865,67.1684123641677
2019,"E","East of England","E07000146","King's Lynn and West Norfolk","Male",0,79.7907775654027,11.2305698621656,0.140750224585293,67.6783074064238
2019,"E","East of England","E07000147","North Norfolk","Male",0,81.4257436208963,10.3237752116268,0.126787607365214,69.0028517974671
2019,"E","East of England","E07000148","Norwich","Male",0,78.2926335038961,11.840097572219,0.151228756044205,66.5058578312705
2019,"E","East of England","E07000149","South Norfolk","Male",0,81.9557234764282,10.2196064797847,0.124696678234121,69.3952387305117
2019,"E","East of England","E07000200","Babergh","Male",0,82.6045307189106,9.54365094478493,0.115534231133887,69.9444639941226
2019,"E","East of England","E07000202","Ipswich","Male",0,79.5954530991345,11.2475976391176,0.141309549744116,67.5385455414137
2019,"E","East of England","E07000203","Mid Suffolk","Male",0,82.3407830849629,9.34596590748148,0.113503485846593,69.7644429758773
2019,"E","East of England","E07000240","St Albans","Male",0,82.2636690516178,10.3262214758317,0.125525904629324,69.6415812973625
2019,"E","East of England","E07000241","Welwyn Hatfield","Male",0,81.1450729205559,10.4341422993514,0.128586270537545,68.7896364431653
2019,"E","East of England","E07000242","East Hertfordshire","Male",0,82.0296237112774,9.93832855196053,0.121155359519152,69.4855413110493
2019,"E","East of England","E07000243","Stevenage","Male",0,79.703500739099,10.2012949567371,0.12799055075548,67.6963882564646
2019,"E","East of England","E07000244","East Suffolk","Male",0,80.723986001976,10.8594034470239,0.13452511434158,68.4208306707059
2019,"E","East of England","E07000245","West Suffolk","Male",0,81.2892444444649,10.4835830357183,0.128966422401435,68.888694535022
2019,"E","London","E09000002","Barking and Dagenham","Female",0,81.8021917865732,10.1743893698467,0.124377955500169,65.8101890998806
2019,"E","London","E09000003","Barnet","Female",0,85.8165444114854,9.14184386706551,0.106527755571593,68.5157300081691
2019,"E","London","E09000004","Bexley","Female",0,83.9184245623357,9.87504572262157,0.117674345939207,67.2201112197493
2019,"E","London","E09000005","Brent","Female",0,84.9025167130169,10.0860915671904,0.118796143597049,67.8263991363183
2019,"E","London","E09000006","Bromley","Female",0,85.2041443168972,9.35455351306607,0.109789888603,68.098961166271
2019,"E","London","E09000007","Camden","Female",0,87.3587565661616,10.4916482987029,0.120098416130237,69.3498661044088
2019,"E","London","E09000008","Croydon","Female",0,83.8929428904057,9.72224993066779,0.115888769611629,67.2100479213404
2019,"E","London","E09000009","Ealing","Female",0,84.318421483179,9.80527604187157,0.116288657560171,67.4861246065045
2019,"E","London","E09000010","Enfield","Female",0,84.5393825864299,9.93505251922318,0.117519814023552,67.5949881774618
2019,"E","London","E09000011","Greenwich","Female",0,82.9427157730757,10.2541083792885,0.123628799511978,66.5512146442304
2019,"E","London","E09000012","Hackney","Female",0,83.6843356085927,10.2446560906545,0.12242023571258,67.0422753192948
2019,"E","London","E09000013","Hammersmith and Fulham","Female",0,84.1520143746986,10.2098298181466,0.121326029971022,67.3360549640305
2019,"E","London","E09000014","Haringey","Female",0,84.6678571560361,10.0061431751656,0.118181131674622,67.6920264419221
2019,"E","London","E09000015","Harrow","Female",0,85.5997110985281,9.48531379251112,0.110810114552761,68.3413839089377
2019,"E","London","E09000016","Havering","Female",0,83.7180252888734,9.67481141886761,0.11556425734463,67.1099403070418
2019,"E","London","E09000017","Hillingdon","Female",0,84.0034755887106,9.45477525189098,0.11255219127102,67.3207391016635
2019,"E","London","E09000018","Hounslow","Female",0,83.898813090768,9.85543748395507,0.117468139546774,67.2014999653136
2019,"E","London","E09000019","Islington","Female",0,83.3258506973004,10.0012300347519,0.120025537705983,66.8336941417768
2019,"E","London","E09000020","Kensington and Chelsea","Female",0,87.9229401748516,9.3217519387667,0.106021840491556,69.8295275961972
2019,"E","London","E09000021","Kingston upon Thames","Female",0,85.2061068828133,9.24021145517709,0.108445413048685,68.1148519240169
2019,"E","London","E09000022","Lambeth","Female",0,83.8242375372738,10.2921123813259,0.122782057835591,67.120364065254
2019,"E","London","E09000023","Lewisham","Female",0,83.2988005773549,9.94549036697098,0.119395361014054,66.8139209315573
2019,"E","London","E09000024","Merton","Female",0,84.5536745454049,9.20428786661874,0.108857337260678,67.7075123721585
2019,"E","London","E09000025","Newham","Female",0,83.0107765961392,10.4180665768953,0.125502579352809,66.577942022037
2019,"E","London","E09000026","Redbridge","Female",0,84.519546935736,9.5346657964442,0.112810185834217,67.6483212531802
2019,"E","London","E09000027","Richmond upon Thames","Female",0,86.5678392521138,9.15862027899457,0.105797029914558,68.9915221752053
2019,"E","London","E09000028","Southwark","Female",0,84.3313638509561,9.95913162486794,0.118095227802426,67.493082961459
2019,"E","London","E09000029","Sutton","Female",0,84.4946767778161,9.41045989444047,0.111373405441692,67.6412966927921
2019,"E","London","E09000030","Tower Hamlets","Female",0,83.3517016811697,10.024298858882,0.12026507745728,66.86206797846
2019,"E","London","E09000031","Waltham Forest","Female",0,84.1496967439211,10.1394693100264,0.120493236486427,67.3606199432568
2019,"E","London","E09000032","Wandsworth","Female",0,84.7184299277128,9.47860381562313,0.111883610493146,67.7861284088232
2019,"E","London","E09000033","Westminster","Female",0,87.0609592194707,9.60541964009408,0.110329816328808,69.2729121279243
2019,"E","London","E09000002","Barking and Dagenham","Male",0,77.3071661590898,11.0340146698077,0.142729519370829,66.0758741441223
2019,"E","London","E09000003","Barnet","Male",0,82.1390052855506,10.3890950550431,0.12648187081066,69.7903423801245
2019,"E","London","E09000004","Bexley","Male",0,80.1560243398168,10.4526139668505,0.130403348381367,68.2736415161532
2019,"E","London","E09000005","Brent","Male",0,80.5985540096098,11.5131524092292,0.142845644697999,68.5771086933564
2019,"E","London","E09000006","Bromley","Male",0,81.7632993527314,10.074616422653,0.123216852822811,69.5262350976532
2019,"E","London","E09000007","Camden","Male",0,82.8484071881349,11.6888421182398,0.141087107344096,70.2910011402734
2019,"E","London","E09000008","Croydon","Male",0,79.8059071810334,11.1972689535168,0.140306267405954,67.9809346630644
2019,"E","London","E09000009","Ealing","Male",0,80.0628029374559,11.5998204635538,0.144884016521573,68.1561241471706
2019,"E","London","E09000010","Enfield","Male",0,80.3986976797763,10.8734899802085,0.135244603382969,68.448567429864
2019,"E","London","E09000011","Greenwich","Male",0,79.3763464910306,11.3746428420989,0.143300156091012,67.6558502309843
2019,"E","London","E09000012","Hackney","Male",0,79.3880166125817,11.8618494398761,0.149416120291336,67.6465222181908
2019,"E","London","E09000013","Hammersmith and Fulham","Male",0,79.2794030327406,11.624049675371,0.146621306804878,67.5802603790896
2019,"E","London","E09000014","Haringey","Male",0,79.8651042968188,11.3227743446907,0.141773737659061,68.0269803104295
2019,"E","London","E09000015","Harrow","Male",0,82.3761383500166,10.7724415306154,0.13077138290755,69.9506476171823
2019,"E","London","E09000016","Havering","Male",0,79.9878130130974,10.2036115441687,0.127564577149995,68.1614366459009
2019,"E","London","E09000017","Hillingdon","Male",0,79.9131610235351,11.2311307714154,0.140541690849993,68.0637009153872
2019,"E","London","E09000018","Hounslow","Male",0,79.5777890501164,11.0622408999075,0.139011664334387,67.8134219676509
2019,"E","London","E09000019","Islington","Male",0,79.6169006761858,11.4661104631334,0.144016036366046,67.8349020257773
2019,"E","London","E09000020","Kensington and Chelsea","Male",0,84.1140163734849,11.6425317421994,0.138413694223136,71.2460378532585
2019,"E","London","E09000021","Kingston upon Thames","Male",0,81.8948696472352,10.187565798979,0.124398095300259,69.6209121179317
2019,"E","London","E09000022","Lambeth","Male",0,78.747974382831,11.2165552313242,0.142436111141034,67.1938184717166
2019,"E","London","E09000023","Lewisham","Male",0,79.0391769105839,11.2052264469101,0.141768005246139,67.392773031505
2019,"E","London","E09000024","Merton","Male",0,80.5416548498309,10.4435690604352,0.129666680923147,68.5826884215967
2019,"E","London","E09000025","Newham","Male",0,79.0040289031319,11.5613510837556,0.146338753153098,67.3675967175357
2019,"E","London","E09000026","Redbridge","Male",0,80.6982155271276,10.593525594904,0.13127335624098,68.6890524601432
2019,"E","London","E09000027","Richmond upon Thames","Male",0,82.5560563167291,10.2386756829378,0.124020891255474,70.110221042932
2019,"E","London","E09000028","Southwark","Male",0,79.768487380363,11.2490587281471,0.141021336840798,67.9640441375883
2019,"E","London","E09000029","Sutton","Male",0,80.6198373534443,10.6586058108177,0.13220822766101,68.6135119162721
2019,"E","London","E09000030","Tower Hamlets","Male",0,79.9692709005594,10.6451270318771,0.133115219283594,68.1489679654302
2019,"E","London","E09000031","Waltham Forest","Male",0,79.9222477708772,11.2019567555364,0.140160682012478,68.0740255226586
2019,"E","London","E09000032","Wandsworth","Male",0,80.1368207563589,10.6845428880988,0.133328759330037,68.273830799019
2019,"E","London","E09000033","Westminster","Male",0,84.1697422547498,11.3703924941386,0.1350888358399,71.3077788632825
2019,"E","North East","E06000001","Hartlepool","Female",0,81.4082247135335,10.4751669423977,0.128674553207107,64.7804832811403
2019,"E","North East","E06000002","Middlesbrough","Female",0,80.3665211872056,10.6731612969177,0.132806063261787,64.0215738290977
2019,"E","North East","E06000003","Redcar and Cleveland","Female",0,82.0290770345466,10.3253080771292,0.125873756604389,65.2385154267196
2019,"E","North East","E06000004","Stockton-on-Tees","Female",0,81.5403996998247,10.4199915988492,0.127789312257586,64.8658287587327
2019,"E","North East","E06000005","Darlington","Female",0,81.6366546518008,10.2890416137493,0.126034581618201,64.948682538041
2019,"E","North East","E06000047","County Durham","Female",0,81.6416228961352,10.1594168011277,0.124439182377015,64.9505574831935
2019,"E","North East","E06000057","Northumberland","Female",0,83.0564561015869,9.78566847483241,0.117819480075859,65.9739154690024
2019,"E","North East","E08000021","Newcastle upon Tyne","Female",0,81.8249865142791,10.020806696749,0.12246634095076,65.0984937046508
2019,"E","North East","E08000022","North Tyneside","Female",0,82.5112466515579,9.92079075951987,0.120235618320191,65.5860902666628
2019,"E","North East","E08000023","South Tyneside","Female",0,81.7522941247489,10.0914053474388,0.123438803222329,65.0517822551365
2019,"E","North East","E08000024","Sunderland","Female",0,81.2605167864147,10.1722193424032,0.125180342738157,64.6806538263276
2019,"E","North East","E08000037","Gateshead","Female",0,81.9196775662611,10.2212885984747,0.124772080434608,65.1485640826666
2019,"E","North East","E06000001","Hartlepool","Male",0,76.8076889568118,11.9714674173388,0.155862877531313,64.9437578021892
2019,"E","North East","E06000002","Middlesbrough","Male",0,75.8333496547168,11.7596801730739,0.155072672203165,64.1933170189475
2019,"E","North East","E06000003","Redcar and Cleveland","Male",0,78.1986757662727,11.6260134248136,0.148672766014126,66.0358815831322
2019,"E","North East","E06000004","Stockton-on-Tees","Male",0,78.6000893104109,11.1545216548157,0.141914872523411,66.354332226519
2019,"E","North East","E06000005","Darlington","Male",0,78.8117353427642,11.2881328756794,0.143229086716409,66.5117217999318
2019,"E","North East","E06000047","County Durham","Male",0,78.121415562733,11.2812856724044,0.144407082118798,65.9757675135644
2019,"E","North East","E06000057","Northumberland","Male",0,79.6300935737333,11.0488417126294,0.138752087518255,67.1410395795583
2019,"E","North East","E08000021","Newcastle upon Tyne","Male",0,77.5530097986557,11.6419822911372,0.150116447077454,65.5374031707672
2019,"E","North East","E08000022","North Tyneside","Male",0,78.7962810122704,10.8323683290356,0.137473091240801,66.5152732672163
2019,"E","North East","E08000023","South Tyneside","Male",0,76.9512651166443,11.5498873108172,0.150093533788037,65.0706866715462
2019,"E","North East","E08000024","Sunderland","Male",0,76.9226417307849,11.5028441410508,0.149537819843846,65.0450555771962
2019,"E","North East","E08000037","Gateshead","Male",0,77.4231252405092,11.8785461510148,0.153423749223697,65.4193194159281
2019,"E","North West","E06000006","Halton","Female",0,81.8845980076048,10.3337784417608,0.126199293801272,65.1267594191021
2019,"E","North West","E06000007","Warrington","Female",0,82.8040275266641,9.61027255037277,0.116060448234576,65.7909414162829
2019,"E","North West","E06000008","Blackburn with Darwen","Female",0,80.6758460851772,10.1765901511757,0.126141722027077,64.2745367056557
2019,"E","North West","E06000009","Blackpool","Female",0,79.0989946765036,11.5916961676663,0.146546693988636,63.0768159809582
2019,"E","North West","E06000049","Cheshire East","Female",0,84.0552255959837,9.34668740724352,0.111196981995729,66.6783293265035
2019,"E","North West","E06000050","Cheshire West and Chester","Female",0,83.7387139257914,9.34599336984022,0.111608991011285,66.4712669257639
2019,"E","North West","E07000026","Allerdale","Female",0,83.1139035965415,9.77650206295425,0.11762775708878,66.011862911565
2019,"E","North West","E07000027","Barrow-in-Furness","Female",0,81.2058756962172,10.2795002124235,0.126585670363042,64.6325714284523
2019,"E","North West","E07000028","Carlisle","Female",0,82.7096276964453,9.97930306241292,0.120654672743036,65.7139151580876
2019,"E","North West","E07000029","Copeland","Female",0,82.0934167954891,10.2561183770145,0.124932287841844,65.2509680598173
2019,"E","North West","E07000030","Eden","Female",0,86.5001115826596,8.67823501757287,0.10032628696993,68.4109201549142
2019,"E","North West","E07000031","South Lakeland","Female",0,85.4292803781033,8.69422034817678,0.101770965524898,67.6674765640616
2019,"E","North West","E07000117","Burnley","Female",0,81.0644257071329,10.1727196901585,0.125489320394499,64.5630341570744
2019,"E","North West","E07000118","Chorley","Female",0,82.4673304129674,9.29883231784562,0.112757770516886,65.581901705221
2019,"E","North West","E07000119","Fylde","Female",0,83.8341009278606,9.01101436693731,0.107486264744359,66.5607309078384
2019,"E","North West","E07000120","Hyndburn","Female",0,81.6441546455695,9.86261291891829,0.120799988213896,64.9939924529381
2019,"E","North West","E07000121","Lancaster","Female",0,82.6473755163403,10.1791288010414,0.123163364080797,65.6580563167818
2019,"E","North West","E07000122","Pendle","Female",0,81.8646739866899,10.102224845852,0.123401515621921,65.1134198301973
2019,"E","North West","E07000123","Preston","Female",0,80.7547806537547,10.4371566059149,0.129245061672143,64.3151088656974
2019,"E","North West","E07000124","Ribble Valley","Female",0,84.3273574351332,9.17551074449039,0.108808232862608,66.8864270662201
2019,"E","North West","E07000125","Rossendale","Female",0,82.3041401383678,9.45112638777302,0.114831725012667,65.4799995924481
2019,"E","North West","E07000126","South Ribble","Female",0,84.3414852538788,9.41059943275947,0.111577350154937,66.8904328603104
2019,"E","North West","E07000127","West Lancashire","Female",0,83.1879726874053,9.47419979390805,0.113889057370218,66.082864750654
2019,"E","North West","E07000128","Wyre","Female",0,82.8557262560827,10.1609554690255,0.122634317845709,65.8004906345266
2019,"E","North West","E08000001","Bolton","Female",0,81.3610609485035,10.475580244422,0.128754223731822,64.7323597183106
2019,"E","North West","E08000002","Bury","Female",0,82.4789095854519,9.71523117147038,0.117790489960406,65.5754774495689
2019,"E","North West","E08000003","Manchester","Female",0,80.0175119810402,10.6406558243289,0.132979088713108,63.7986058424626
2019,"E","North West","E08000004","Oldham","Female",0,80.8308355060763,10.6576789184516,0.131851648590845,64.3467260227703
2019,"E","North West","E08000005","Rochdale","Female",0,81.2123571079587,10.4372574808275,0.128518095675426,64.6377780170802
2019,"E","North West","E08000006","Salford","Female",0,80.7305035957011,10.462989694354,0.129603919563698,64.3056952984195
2019,"E","North West","E08000007","Stockport","Female",0,83.5461799583122,9.94968182361189,0.119092001915307,66.2863281439765
2019,"E","North West","E08000008","Tameside","Female",0,80.5479996006174,9.876708006449,0.122618911151374,64.2102697832634
2019,"E","North West","E08000009","Trafford","Female",0,84.229917494046,9.34100501296655,0.110898897812964,66.8101470007094
2019,"E","North West","E08000010","Wigan","Female",0,81.471033143237,9.98126729161066,0.122513081110218,64.8458101813145
2019,"E","North West","E08000011","Knowsley","Female",0,79.944997689512,10.7112722503211,0.133983020325064,63.7479619052965
2019,"E","North West","E08000012","Liverpool","Female",0,80.0498434539386,10.8564566896349,0.135621210750796,63.7999667281996
2019,"E","North West","E08000013","St. Helens","Female",0,81.4852942989843,10.1735943056664,0.124851906018007,64.8466191830912
2019,"E","North West","E08000014","Sefton","Female",0,82.5556431411891,10.4441199443591,0.126510066991996,65.5722205042122
2019,"E","North West","E08000015","Wirral","Female",0,81.9001393820557,10.414155585659,0.127156750455308,65.1179099973035
2019,"E","North West","E06000006","Halton","Male",0,77.6914249920536,11.1414823831138,0.143406848107798,65.2215576081327
2019,"E","North West","E06000007","Warrington","Male",0,79.2776924662325,10.5609877878442,0.133215125961727,66.4489077190967
2019,"E","North West","E06000008","Blackburn with Darwen","Male",0,76.7014150339135,11.3216586957017,0.147606907782547,64.4548804621431
2019,"E","North West","E06000009","Blackpool","Male",0,74.09785078208,12.9211824829233,0.174379990061036,62.3711453649742
2019,"E","North West","E06000049","Cheshire East","Male",0,80.5973659958841,10.6951299123162,0.13269825608026,67.4148010944146
2019,"E","North West","E06000050","Cheshire West and Chester","Male",0,80.0461381604834,10.9554269975675,0.136863904359798,66.9898031363151
2019,"E","North West","E07000026","Allerdale","Male",0,79.66534146712,10.9286123462284,0.137181516390524,66.7071773757386
2019,"E","North West","E07000027","Barrow-in-Furness","Male",0,77.9226870175134,11.2612892503235,0.144518749049202,65.3894181539712
2019,"E","North West","E07000028","Carlisle","Male",0,78.3353806510064,11.7347074791507,0.149800861138726,65.6379082020567
2019,"E","North West","E07000029","Copeland","Male",0,78.5110116570711,11.5298762640625,0.146856804169381,65.8080071901294
2019,"E","North West","E07000030","Eden","Male",0,83.0522912460636,9.63926763465976,0.116062633432965,69.3059378137547
2019,"E","North West","E07000031","South Lakeland","Male",0,80.994808688362,10.5408657370546,0.130142485768587,67.7115321624311
2019,"E","North West","E07000117","Burnley","Male",0,76.0658595431633,12.0274219297987,0.158118530468636,63.9283291357896
2019,"E","North West","E07000118","Chorley","Male",0,79.4951810543472,10.5367065282849,0.132545223352362,66.6039748035239
2019,"E","North West","E07000119","Fylde","Male",0,80.3732235297418,10.5022377622532,0.130668365669904,67.265947602642
2019,"E","North West","E07000120","Hyndburn","Male",0,77.0175554832566,11.3562559841825,0.14745022628836,64.6998973053814
2019,"E","North West","E07000121","Lancaster","Male",0,78.8927831993294,11.3041861477002,0.143285427250541,66.1094778869863
2019,"E","North West","E07000122","Pendle","Male",0,78.6283569257426,11.1368880912653,0.141639588142267,65.9166033988018
2019,"E","North West","E07000123","Preston","Male",0,77.1983127077081,11.525439643428,0.149296522672278,64.8252487193238
2019,"E","North West","E07000124","Ribble Valley","Male",0,82.0540895486772,9.9237617179252,0.120941707750448,68.5575115832477
2019,"E","North West","E07000125","Rossendale","Male",0,77.9535115854824,11.7958527400017,0.15131906825091,65.3587171799977
2019,"E","North West","E07000126","South Ribble","Male",0,80.3407330106125,10.6998694172422,0.133181127633337,67.2432993806786
2019,"E","North West","E07000127","West Lancashire","Male",0,79.2595071511896,10.5909987275839,0.133624332376699,66.4378560863966
2019,"E","North West","E07000128","Wyre","Male",0,78.0281759269364,11.802861234064,0.151264092667191,65.4234627527416
2019,"E","North West","E08000001","Bolton","Male",0,77.5233710622832,11.7791748791739,0.151943532869725,65.0561718969687
2019,"E","North West","E08000002","Bury","Male",0,78.6661099703354,11.1823399694423,0.142149395383338,65.9562909613439
2019,"E","North West","E08000003","Manchester","Male",0,75.6262976425284,11.591878439227,0.153278407122608,63.6333027197538
2019,"E","North West","E08000004","Oldham","Male",0,77.359005184517,11.6372335419045,0.150431530422959,64.943521297321
2019,"E","North West","E08000005","Rochdale","Male",0,77.0254362240848,11.7320043397633,0.152313377435892,64.6835313249524
2019,"E","North West","E08000006","Salford","Male",0,77.4318287672112,11.3818057655204,0.146991307666752,65.0174424657208
2019,"E","North West","E08000007","Stockport","Male",0,79.7053586199615,11.0793700371062,0.139004079887942,66.7350364371114
2019,"E","North West","E08000008","Tameside","Male",0,77.1451262287469,11.0608471037375,0.143377134038779,64.8156240815823
2019,"E","North West","E08000009","Trafford","Male",0,80.4825430507137,10.3902429510802,0.129099337039252,67.3620065985593
2019,"E","North West","E08000010","Wigan","Male",0,77.7660205704151,11.1832134157321,0.143805910778294,65.2717341743193
2019,"E","North West","E08000011","Knowsley","Male",0,76.3539558721187,11.8226426141113,0.154839948750166,64.1702066870141
2019,"E","North West","E08000012","Liverpool","Male",0,76.3759263270669,11.4647446671225,0.150109402510245,64.2136148091759
2019,"E","North West","E08000013","St. Helens","Male",0,77.7005215261429,11.5026343073603,0.148038057936202,65.1977788211082
2019,"E","North West","E08000014","Sefton","Male",0,78.2740302366317,11.4762328753483,0.146616097837997,65.6201921961541
2019,"E","North West","E08000015","Wirral","Male",0,78.1426859841545,11.4181808301875,0.146119635975949,65.538304127369
2019,"S","Scotland","S12000005","Clackmannanshire","Female",0,80.6506950664026,10.3996657997589,0.128947007725061,63.8166793506622
2019,"S","Scotland","S12000006","Dumfries and Galloway","Female",0,81.8958349398088,10.4160953014538,0.127187118967764,64.7021162907943
2019,"S","Scotland","S12000008","East Ayrshire","Female",0,79.9516315880111,10.7363894432162,0.134286058082474,63.2891299921589
2019,"S","Scotland","S12000010","East Lothian","Female",0,83.150325945583,9.85271482432265,0.118492798582301,65.6439484159362
2019,"S","Scotland","S12000011","East Renfrewshire","Female",0,84.1839858187402,9.75650072795331,0.115894972577806,66.3857170664023
2019,"S","Scotland","S12000013","Na h-Eileanan Siar","Female",0,83.3077671630347,9.76596018374364,0.117227486899649,65.7458812727966
2019,"S","Scotland","S12000014","Falkirk","Female",0,80.5099306385244,10.3647167060736,0.128738363377921,63.7147156910797
2019,"S","Scotland","S12000017","Highland","Female",0,82.262758981718,10.740083562604,0.130558270784364,64.9495338460923
2019,"S","Scotland","S12000018","Inverclyde","Female",0,78.7516754485626,11.3819406656514,0.144529504938413,62.3885592517948
2019,"S","Scotland","S12000019","Midlothian","Female",0,81.3462582594866,10.2571913780119,0.12609297093042,64.3262263144434
2019,"S","Scotland","S12000020","Moray","Female",0,82.0045612295922,10.5367523735897,0.128489832950748,64.7857305153541
2019,"S","Scotland","S12000021","North Ayrshire","Female",0,80.3753570561733,10.9953649376639,0.136800200215339,63.5830558286281
2019,"S","Scotland","S12000023","Orkney Islands","Female",0,83.8879372563262,10.0360758317809,0.119636698195533,66.1681092396743
2019,"S","Scotland","S12000026","Scottish Borders","Female",0,82.5191263271165,10.317146304728,0.125027333224899,65.1561862388386
2019,"S","Scotland","S12000027","Shetland Islands","Female",0,83.36872785979,10.1074315523813,0.12123768482326,65.7771078180824
2019,"S","Scotland","S12000028","South Ayrshire","Female",0,81.4189766775799,10.6297770746523,0.130556505478402,64.3473772408967
2019,"S","Scotland","S12000029","South Lanarkshire","Female",0,80.7098536022219,10.3624837137093,0.128391804113297,63.8594664358518
2019,"S","Scotland","S12000030","Stirling","Female",0,82.1309385955802,10.5437536409174,0.12837736693642,64.8664885282491
2019,"S","Scotland","S12000033","Aberdeen City","Female",0,81.5469377935174,10.6872653678784,0.131056611775409,64.4518623362815
2019,"S","Scotland","S12000034","Aberdeenshire","Female",0,82.7977186503003,9.91375693967529,0.119734662998946,65.3744976111285
2019,"S","Scotland","S12000035","Argyll and Bute","Female",0,81.8176292612865,10.3330185749419,0.126293302167717,64.6474848247624
2019,"S","Scotland","S12000036","City of Edinburgh","Female",0,82.6327664946521,10.1636325397519,0.122997607013553,65.2534731666816
2019,"S","Scotland","S12000038","Renfrewshire","Female",0,80.6607282292882,10.4750320202066,0.129865329140471,63.8223921021021
2019,"S","Scotland","S12000039","West Dunbartonshire","Female",0,79.1113883436892,10.7988090248756,0.136501321124104,62.6750932910682
2019,"S","Scotland","S12000040","West Lothian","Female",0,80.5972264829407,10.4428755885269,0.129568671829386,63.7756933356186
2019,"S","Scotland","S12000041","Angus","Female",0,82.4899780757732,10.1653138994678,0.123230895880832,65.1424375169214
2019,"S","Scotland","S12000042","Dundee City","Female",0,79.5877472134344,11.526991344565,0.14483374323503,62.9870095765617
2019,"S","Scotland","S12000045","East Dunbartonshire","Female",0,83.8005163465445,9.88867521602146,0.118002557109891,66.0912968203237
2019,"S","Scotland","S12000047","Fife","Female",0,81.6369156477969,10.5197842261045,0.128860628094888,64.5174244586573
2019,"S","Scotland","S12000048","Perth and Kinross","Female",0,83.1154330489384,10.1063878338024,0.121594599980629,65.5970383062938
2019,"S","Scotland","S12000049","Glasgow City","Female",0,78.4266799236216,11.3231656968703,0.144379000971324,62.1673418134758
2019,"S","Scotland","S12000050","North Lanarkshire","Female",0,79.4643334579095,10.9910571906113,0.138314344465407,62.9263286329613
2019,"S","Scotland","S12000005","Clackmannanshire","Male",0,76.3793199041551,12.4298751207172,0.162738750964461,65.6886714598104
2019,"S","Scotland","S12000006","Dumfries and Galloway","Male",0,78.3530813430581,11.7945278467557,0.150530491521004,67.2467214318174
2019,"S","Scotland","S12000008","East Ayrshire","Male",0,75.4872648263309,12.3119335404558,0.163099478684002,64.9846744459098
2019,"S","Scotland","S12000010","East Lothian","Male",0,79.5715152972881,10.8656474365102,0.136551973352712,68.2320935770601
2019,"S","Scotland","S12000011","East Renfrewshire","Male",0,79.7751076139983,10.7847776291024,0.13518975970908,68.4044548341317
2019,"S","Scotland","S12000013","Na h-Eileanan Siar","Male",0,78.4404316738073,11.3733928259348,0.14499401116545,67.3587309565905
2019,"S","Scotland","S12000014","Falkirk","Male",0,76.7301220420847,11.5748872741927,0.150851933584104,65.9990800007559
2019,"S","Scotland","S12000017","Highland","Male",0,77.8132476742594,12.5517552384066,0.16130614790621,66.7873971737905
2019,"S","Scotland","S12000018","Inverclyde","Male",0,74.4730368359448,12.3749258581322,0.16616652662349,64.1719843337864
2019,"S","Scotland","S12000019","Midlothian","Male",0,77.8295925484561,11.7332408934968,0.150755522537161,66.8437133430907
2019,"S","Scotland","S12000020","Moray","Male",0,79.0443275983495,11.5207762287392,0.14575082841213,67.7984576205127
2019,"S","Scotland","S12000021","North Ayrshire","Male",0,75.5646929224726,12.4615470470163,0.164912296537769,65.0368758984453
2019,"S","Scotland","S12000023","Orkney Islands","Male",0,80.5245742147203,11.1575485683522,0.138560789388347,68.9770840940855
2019,"S","Scotland","S12000026","Scottish Borders","Male",0,79.0044797106119,11.33885140414,0.143521626187192,67.7655047654973
2019,"S","Scotland","S12000027","Shetland Islands","Male",0,81.1408653248892,11.0091818582023,0.135679867525709,69.486927859289
2019,"S","Scotland","S12000028","South Ayrshire","Male",0,76.9127048643386,11.9921841605367,0.15591941775665,66.1135849056279
2019,"S","Scotland","S12000029","South Lanarkshire","Male",0,76.622845943617,11.6704821517625,0.152310737196453,65.9031040912375
2019,"S","Scotland","S12000030","Stirling","Male",0,78.0892147472141,11.8287306967549,0.151477137208335,67.0400358778002
2019,"S","Scotland","S12000033","Aberdeen City","Male",0,77.3070601542264,11.5031313753325,0.148797940995091,66.4579866591144
2019,"S","Scotland","S12000034","Aberdeenshire","Male",0,79.2630772176797,10.9012211064077,0.137532145975985,67.995710048718
2019,"S","Scotland","S12000035","Argyll and Bute","Male",0,78.293553594778,11.8646994380365,0.151541204777144,67.213482929579
2019,"S","Scotland","S12000036","City of Edinburgh","Male",0,78.4334574177653,11.376429138097,0.145045615897078,67.3410774166832
2019,"S","Scotland","S12000038","Renfrewshire","Male",0,75.8391152977449,12.0047928143082,0.158292891038843,65.2714909941808
2019,"S","Scotland","S12000039","West Dunbartonshire","Male",0,74.2867915124304,12.3966932360463,0.166876142900477,64.0379812809956
2019,"S","Scotland","S12000040","West Lothian","Male",0,77.698757968497,11.5068192379112,0.148095278982151,66.7550277939418
2019,"S","Scotland","S12000041","Angus","Male",0,78.8160570851626,11.4544763019812,0.145331760120966,67.6244374644713
2019,"S","Scotland","S12000042","Dundee City","Male",0,74.0042313385539,13.3405971318073,0.180268031847759,63.7711515752862
2019,"S","Scotland","S12000045","East Dunbartonshire","Male",0,80.4873012425388,10.5274093958525,0.130795904861183,68.9665641909275
2019,"S","Scotland","S12000047","Fife","Male",0,77.402791846481,12.0852048440318,0.156133965658517,66.4904713246049
2019,"S","Scotland","S12000048","Perth and Kinross","Male",0,79.233304374686,11.818696534797,0.149163241746269,67.9330514951021
2019,"S","Scotland","S12000049","Glasgow City","Male",0,73.3827595856112,12.5582223800462,0.171133144228452,63.3291052231541
2019,"S","Scotland","S12000050","North Lanarkshire","Male",0,74.7078075176569,12.595571180128,0.168597789155452,64.3580006591551
2019,"E","South East","E06000035","Medway","Female",0,82.7362105757816,9.89833560329663,0.11963728498576,67.0899971304698
2019,"E","South East","E06000036","Bracknell Forest","Female",0,85.3466177562029,9.66421823629017,0.113234929401614,69.014841213277
2019,"E","South East","E06000037","West Berkshire","Female",0,85.4635368606882,9.34536016504171,0.109349092119547,69.1019643281879
2019,"E","South East","E06000038","Reading","Female",0,82.4419975055984,10.1226266738342,0.122784830306262,66.8553041013459
2019,"E","South East","E06000039","Slough","Female",0,82.8620765493778,10.2048618915076,0.123154793078671,67.1751623763524
2019,"E","South East","E06000040","Windsor and Maidenhead","Female",0,85.3587641147586,9.05459504286734,0.10607692293546,69.0494997029913
2019,"E","South East","E06000041","Wokingham","Female",0,85.9101087675875,9.0811200106577,0.105704906453149,69.4449010463878
2019,"E","South East","E06000042","Milton Keynes","Female",0,83.628842272892,9.71147482459318,0.116125902985759,67.7475279024253
2019,"E","South East","E06000043","Brighton and Hove","Female",0,83.3772316500272,9.79870507690962,0.11752255241622,67.5572711195421
2019,"E","South East","E06000044","Portsmouth","Female",0,82.8549229406159,9.87744915645329,0.119213787254774,67.1837929354235
2019,"E","South East","E06000045","Southampton","Female",0,82.7556904377716,10.2511012984025,0.123871859979356,67.0839666329459
2019,"E","South East","E06000046","Isle of Wight","Female",0,83.9766240825544,9.64599407281438,0.114865228010735,67.9977711732922
2019,"E","South East","E06000060","Buckinghamshire","Female",0,85.2660223110867,9.52930857761444,0.111759741094143,68.9413707683641
2019,"E","South East","E07000061","Eastbourne","Female",0,84.2069328513541,9.56468286185283,0.113585455947396,68.1781928368743
2019,"E","South East","E07000062","Hastings","Female",0,82.2031871610964,10.3815552842006,0.126291396267343,66.6755256049998
2019,"E","South East","E07000063","Lewes","Female",0,85.3215205282289,9.28122402246339,0.10877940248841,69.0062831108608
2019,"E","South East","E07000064","Rother","Female",0,84.51087173998,9.57580245872399,0.113308527785472,68.3793184652432
2019,"E","South East","E07000065","Wealden","Female",0,85.6339589762591,8.78710589478455,0.102612398163451,69.2634468714724
2019,"E","South East","E07000084","Basingstoke and Deane","Female",0,84.5753993537059,8.94663974161941,0.105783003213539,68.4825604557964
2019,"E","South East","E07000085","East Hampshire","Female",0,85.542172074538,9.09062320330393,0.106270661392403,69.1701875560603
2019,"E","South East","E07000086","Eastleigh","Female",0,85.316480106647,9.24810321706785,0.108397617969091,69.0056036142703
2019,"E","South East","E07000087","Fareham","Female",0,84.9151532249342,9.52442956222828,0.11216407437903,68.6816933300089
2019,"E","South East","E07000088","Gosport","Female",0,82.8375542694816,10.2545827884874,0.123791472103678,67.1522898639476
2019,"E","South East","E07000089","Hart","Female",0,86.3941768085778,9.00540989244578,0.104236306486245,69.7915878857391
2019,"E","South East","E07000090","Havant","Female",0,84.2458994488992,9.73022127279901,0.115497862049666,68.2017570116406
2019,"E","South East","E07000091","New Forest","Female",0,86.2277540520089,8.84568289172891,0.102585101386191,69.6859595719691
2019,"E","South East","E07000092","Rushmoor","Female",0,84.1556441312447,9.26295658953934,0.110069344547982,68.1724264191026
2019,"E","South East","E07000093","Test Valley","Female",0,85.1027657312768,9.14788003630128,0.107492159128963,68.8522483688231
2019,"E","South East","E07000094","Winchester","Female",0,86.0443853744209,8.70887420013406,0.101213741747791,69.560651020059
2019,"E","South East","E07000105","Ashford","Female",0,84.081739535898,9.58602484006888,0.114008402930058,68.0839428702704
2019,"E","South East","E07000106","Canterbury","Female",0,83.7944771356685,9.84789557792503,0.117524399155575,67.8548237597643
2019,"E","South East","E07000107","Dartford","Female",0,82.9502310863865,9.40100699164441,0.11333310189159,67.2873767675496
2019,"E","South East","E07000108","Dover","Female",0,83.4524441870525,9.57749762070381,0.114765933029314,67.633799867595
2019,"E","South East","E07000109","Gravesham","Female",0,83.7134295190172,9.50251559625401,0.11351243941207,67.8405699742489
2019,"E","South East","E07000110","Maidstone","Female",0,83.6842771578093,9.52186591713506,0.113783212815222,67.79794237335
2019,"E","South East","E07000111","Sevenoaks","Female",0,85.0510283650548,9.16371501458339,0.107743729743643,68.8207130506697
2019,"E","South East","E07000112","Folkestone and Hythe","Female",0,83.5189037670368,9.7031075841744,0.116178579297924,67.6710763748753
2019,"E","South East","E07000113","Swale","Female",0,83.0768806515147,9.94810411320293,0.119745758810235,67.340421919085
2019,"E","South East","E07000114","Thanet","Female",0,82.2346751660898,10.38752284458,0.126315606203834,66.675848497969
2019,"E","South East","E07000115","Tonbridge and Malling","Female",0,84.6580989049398,9.42890727389044,0.111376317161077,68.5190151007157
2019,"E","South East","E07000116","Tunbridge Wells","Female",0,84.777683192174,9.03676829325442,0.106593716093537,68.6320426947642
2019,"E","South East","E07000177","Cherwell","Female",0,84.6280424762001,9.28780115497907,0.109748505143447,68.4961965555661
2019,"E","South East","E07000178","Oxford","Female",0,84.6714077108864,9.62184065137813,0.113637423913303,68.5099920589151
2019,"E","South East","E07000179","South Oxfordshire","Female",0,86.0964247212289,8.65554897356963,0.10053319869664,69.6036675486019
2019,"E","South East","E07000180","Vale of White Horse","Female",0,86.0348363510395,9.04109218244171,0.105086411108545,69.533579629487
2019,"E","South East","E07000181","West Oxfordshire","Female",0,85.7670346795252,8.63557063770007,0.100686361257184,69.3666546286495
2019,"E","South East","E07000207","Elmbridge","Female",0,85.8422591909721,8.88900882123237,0.103550499544253,69.3998803199937
2019,"E","South East","E07000208","Epsom and Ewell","Female",0,86.3237869737262,8.35352618755441,0.0967696909554827,69.7842779752959
2019,"E","South East","E07000209","Guildford","Female",0,85.9987536041354,8.7348462075007,0.101569451200519,69.5318905445303
2019,"E","South East","E07000210","Mole Valley","Female",0,86.2135020514782,8.61595540195811,0.0999374250777276,69.69608950409
2019,"E","South East","E07000211","Reigate and Banstead","Female",0,84.7730409958188,8.85469814856741,0.104451816810537,68.6378708587775
2019,"E","South East","E07000212","Runnymede","Female",0,84.8468545187989,9.42613952295771,0.111095921898545,68.6504376950929
2019,"E","South East","E07000213","Spelthorne","Female",0,84.358248618824,9.48127666004009,0.112393000272938,68.2805114501154
2019,"E","South East","E07000214","Surrey Heath","Female",0,85.955434454325,8.34978205051064,0.0971408277268094,69.5141270648537
2019,"E","South East","E07000215","Tandridge","Female",0,85.5734698308445,8.54113842937998,0.0998105890325996,69.2427114750374
2019,"E","South East","E07000216","Waverley","Female",0,86.1451988012785,8.85878596403164,0.102835515934756,69.6214590974288
2019,"E","South East","E07000217","Woking","Female",0,84.7970667247176,9.49153062432813,0.111932298969033,68.6145739161124
2019,"E","South East","E07000223","Adur","Female",0,84.7202810730895,9.59858855589412,0.113297411603407,68.5474927221081
2019,"E","South East","E07000224","Arun","Female",0,84.0224530799483,9.79202617247852,0.116540589015668,68.0187574929741
2019,"E","South East","E07000225","Chichester","Female",0,85.6224256872456,8.87515617456307,0.103654575344332,69.2504318485535
2019,"E","South East","E07000226","Crawley","Female",0,84.335482200389,10.3283343407727,0.122467247133675,68.2290427610274
2019,"E","South East","E07000227","Horsham","Female",0,85.5872302450514,9.16626357462122,0.107098495282259,69.1883175689458
2019,"E","South East","E07000228","Mid Sussex","Female",0,85.3027702534009,8.55011973509756,0.100232615068638,69.0295626528364
2019,"E","South East","E07000229","Worthing","Female",0,83.3447023969229,9.54097143998166,0.114476039455315,67.5394134225788
2019,"E","South East","E06000035","Medway","Male",0,78.6363066785673,10.928038466021,0.138969375948572,66.4133619825885
2019,"E","South East","E06000036","Bracknell Forest","Male",0,82.0266190465214,10.1445002452173,0.123673270496055,69.1116197650109
2019,"E","South East","E06000037","West Berkshire","Male",0,81.8126966289341,10.2176329636366,0.124890553479483,68.9303203570645
2019,"E","South East","E06000038","Reading","Male",0,79.2539178743916,11.3047437659296,0.142639557376158,66.8816341042796
2019,"E","South East","E06000039","Slough","Male",0,78.6694432199476,11.4834745896628,0.145971219823647,66.4188093092583
2019,"E","South East","E06000040","Windsor and Maidenhead","Male",0,82.2523103733928,10.0429166679611,0.122098900594649,69.2916546020991
2019,"E","South East","E06000041","Wokingham","Male",0,82.7221922071033,10.1562582188802,0.122775496488935,69.6348401247749
2019,"E","South East","E06000042","Milton Keynes","Male",0,79.6485087628201,10.5627006892925,0.132616427518391,67.2207982848298
2019,"E","South East","E06000043","Brighton and Hove","Male",0,79.4359496308679,11.1425266101502,0.140270578521798,67.0365611899458
2019,"E","South East","E06000044","Portsmouth","Male",0,78.6218661033157,10.9267520706663,0.138978538824144,66.4146527883958
2019,"E","South East","E06000045","Southampton","Male",0,78.5714756068421,11.168435577271,0.142143640437096,66.3547128145626
2019,"E","South East","E06000046","Isle of Wight","Male",0,79.7833538606547,11.5583030355805,0.144871110028385,67.2690907673571
2019,"E","South East","E06000060","Buckinghamshire","Male",0,81.8754821407951,10.3537691481463,0.126457504461979,68.9687890443262
2019,"E","South East","E07000061","Eastbourne","Male",0,79.4683391729602,12.1194350770708,0.152506459845514,66.9967741662425
2019,"E","South East","E07000062","Hastings","Male",0,78.1499440031202,11.8470663168133,0.151594047416596,65.9983655894491
2019,"E","South East","E07000063","Lewes","Male",0,81.1491612499915,10.8629992568535,0.133864590705855,68.3825550648402
2019,"E","South East","E07000064","Rother","Male",0,81.1477784889493,10.2698284422694,0.12655711140223,68.4072200182718
2019,"E","South East","E07000065","Wealden","Male",0,81.932103903898,9.84260110529526,0.120131189562032,69.0387576439468
2019,"E","South East","E07000084","Basingstoke and Deane","Male",0,80.7080526560052,10.3030089211131,0.127657756345909,68.0603568580252
2019,"E","South East","E07000085","East Hampshire","Male",0,82.157511687995,10.4508805513442,0.127205417211671,69.1835717180798
2019,"E","South East","E07000086","Eastleigh","Male",0,82.1188414023432,10.02840458991,0.122120629305711,69.1790600382959
2019,"E","South East","E07000087","Fareham","Male",0,83.0031902014968,9.35902971443832,0.112755060278027,69.9138676949527
2019,"E","South East","E07000088","Gosport","Male",0,79.1742235683349,11.2717749455708,0.142366725400751,66.8159275974073
2019,"E","South East","E07000089","Hart","Male",0,83.6959143542634,9.70571240316554,0.115963992723513,70.4175750427295
2019,"E","South East","E07000090","Havant","Male",0,80.9616114131161,10.4515719186785,0.129092933505833,68.2621677626078
2019,"E","South East","E07000091","New Forest","Male",0,83.258120366583,9.59739084986331,0.115272730246687,70.0877081025902
2019,"E","South East","E07000092","Rushmoor","Male",0,80.4743783130967,10.5376147452913,0.13094372353264,67.8783594445914
2019,"E","South East","E07000093","Test Valley","Male",0,82.2494390573439,10.1493672623401,0.123397404026841,69.2752234819854
2019,"E","South East","E07000094","Winchester","Male",0,82.5079556185754,10.0271760466585,0.121529808507352,69.4714257683789
2019,"E","South East","E07000105","Ashford","Male",0,80.0536050458627,10.6012296571103,0.132426636514831,67.5342527141289
2019,"E","South East","E07000106","Canterbury","Male",0,79.9218525211999,10.5086690550184,0.131486805216769,67.4431613482282
2019,"E","South East","E07000107","Dartford","Male",0,79.3382465609012,10.5388098539303,0.132833914420336,66.9812633116747
2019,"E","South East","E07000108","Dover","Male",0,80.1096185962268,10.635548992846,0.132762446997182,67.5859179206565
2019,"E","South East","E07000109","Gravesham","Male",0,79.6976844227671,10.9222221812028,0.13704566525753,67.2434293472362
2019,"E","South East","E07000110","Maidstone","Male",0,80.8124171608423,10.3863220944219,0.128523839025256,68.1392908799816
2019,"E","South East","E07000111","Sevenoaks","Male",0,82.6861142408312,9.73935145025439,0.117787025544429,69.6408968554827
2019,"E","South East","E07000112","Folkestone and Hythe","Male",0,79.1915169780163,11.4238560012574,0.14425605717881,66.8242562875169
2019,"E","South East","E07000113","Swale","Male",0,79.014226760072,10.7993576162839,0.136676115923735,66.710072782188
2019,"E","South East","E07000114","Thanet","Male",0,77.8660207711116,11.1252251973959,0.142876508741838,65.793461510165
2019,"E","South East","E07000115","Tonbridge and Malling","Male",0,80.9040393208708,10.2501180309782,0.126694762301368,68.2143088971524
2019,"E","South East","E07000116","Tunbridge Wells","Male",0,81.5858478660412,10.4951917666843,0.128639856558416,68.7405463050573
2019,"E","South East","E07000177","Cherwell","Male",0,81.5377443377264,10.0040044936477,0.122691700327292,68.7360187318195
2019,"E","South East","E07000178","Oxford","Male",0,80.498650291231,11.1970333595921,0.139095914267917,67.8612799416471
2019,"E","South East","E07000179","South Oxfordshire","Male",0,83.0328457077729,9.73848037712982,0.117284675649966,69.9032304786848
2019,"E","South East","E07000180","Vale of White Horse","Male",0,82.9933219218128,9.23702172119637,0.111298373258254,69.9032924807901
2019,"E","South East","E07000181","West Oxfordshire","Male",0,81.9694394705674,10.0376620340314,0.122456150717435,69.0629164693678
2019,"E","South East","E07000207","Elmbridge","Male",0,82.7358644919784,9.9067748765883,0.119739788028066,69.6664163765385
2019,"E","South East","E07000208","Epsom and Ewell","Male",0,82.925114006679,10.2619504795405,0.123749609541856,69.8016970926872
2019,"E","South East","E07000209","Guildford","Male",0,82.8984465912932,9.78250904086877,0.118005939111243,69.7925538566299
2019,"E","South East","E07000210","Mole Valley","Male",0,82.4246821021811,10.3187824052817,0.125190442257207,69.4041734324165
2019,"E","South East","E07000211","Reigate and Banstead","Male",0,81.5668105532436,9.85037427983578,0.120764490029996,68.7584138806863
2019,"E","South East","E07000212","Runnymede","Male",0,81.5953252238533,10.7458989296559,0.131697482670422,68.7469249213568
2019,"E","South East","E07000213","Spelthorne","Male",0,81.0120836559444,10.5301622647101,0.129982612340047,68.2893716497316
2019,"E","South East","E07000214","Surrey Heath","Male",0,82.6262149335645,9.26362101260588,0.112114793350443,69.6137624560936
2019,"E","South East","E07000215","Tandridge","Male",0,81.6971893558263,10.0276471048076,0.122741641222599,68.8598688058934
2019,"E","South East","E07000216","Waverley","Male",0,82.7449077881557,10.0851353294478,0.121882247488484,69.6586179726103
2019,"E","South East","E07000217","Woking","Male",0,82.3222408813739,10.387929257086,0.126186181836995,69.3185605528494
2019,"E","South East","E07000223","Adur","Male",0,81.6499509461473,9.51365985525547,0.116517643244272,68.8557715208415
2019,"E","South East","E07000224","Arun","Male",0,80.1398056265135,11.2345720599013,0.140187163820428,67.5680164691651
2019,"E","South East","E07000225","Chichester","Male",0,81.5393728729292,9.99942934091289,0.122633140145632,68.7298663414553
2019,"E","South East","E07000226","Crawley","Male",0,80.2213154376652,10.5730379761169,0.131798362049206,67.6831016576805
2019,"E","South East","E07000227","Horsham","Male",0,82.9841173645845,9.72428156977642,0.117182442599871,69.8664481948481
2019,"E","South East","E07000228","Mid Sussex","Male",0,82.0957131682767,9.96033530270385,0.121325888019117,69.1597996255816
2019,"E","South East","E07000229","Worthing","Male",0,80.2939912726786,10.4681965621534,0.130373349191266,67.7305379783778
2019,"E","South West","E06000022","Bath and North East Somerset","Female",0,85.1264893687456,9.05650464089896,0.106388795168899,69.0445718474225
2019,"E","South West","E06000023","Bristol, City of","Female",0,82.9132960265136,9.99255970156163,0.12051818200987,67.3774455328586
2019,"E","South West","E06000024","North Somerset","Female",0,84.9553620436513,9.12272724767428,0.107382595144341,68.9159486110775
2019,"E","South West","E06000025","South Gloucestershire","Female",0,84.7238902461552,9.7170610346805,0.11469092137352,68.7135011895278
2019,"E","South West","E06000026","Plymouth","Female",0,82.7742255297397,9.86591791150908,0.119190700346262,67.2746698490198
2019,"E","South West","E06000027","Torbay","Female",0,83.073607712764,10.355613023607,0.124655872168363,67.4627008698231
2019,"E","South West","E06000030","Swindon","Female",0,84.0044585154897,9.40375390171357,0.111943509521933,68.204378300686
2019,"E","South West","E06000052","Cornwall","Female",0,83.9584944179558,9.86612606857601,0.117511946074941,68.1355114357384
2019,"E","South West","E06000054","Wiltshire","Female",0,84.7355804353389,9.49104149565931,0.112007747476302,68.7294522523795
2019,"E","South West","E06000058","Bournemouth, Christchurch and Poole","Female",0,84.0039958076275,9.76962628685102,0.116299542574425,68.1787281245776
2019,"E","South West","E06000059","Dorset","Female",0,85.4611850501004,9.1557433817191,0.107133353888689,69.27985933801
2019,"E","South West","E07000040","East Devon","Female",0,85.9564890452413,9.08864115961961,0.105735369843177,69.6467207816899
2019,"E","South West","E07000041","Exeter","Female",0,84.2432394449874,9.62590835789245,0.114263274077659,68.3682489908097
2019,"E","South West","E07000042","Mid Devon","Female",0,85.683674446192,9.09020785049261,0.106090313110943,69.4678651609867
2019,"E","South West","E07000043","North Devon","Female",0,84.1416131696181,9.61720982617025,0.114297901643308,68.2954780090551
2019,"E","South West","E07000044","South Hams","Female",0,86.5278660408201,8.93241474625518,0.103231654205378,70.0876374351
2019,"E","South West","E07000045","Teignbridge","Female",0,85.2392210168588,9.10767801946405,0.106848442663064,69.1212250593469
2019,"E","South West","E07000046","Torridge","Female",0,84.1700295429332,8.95178045100349,0.106353538184722,68.3564212622323
2019,"E","South West","E07000047","West Devon","Female",0,84.8678802844315,9.0898073199642,0.107105388864433,68.849198465152
2019,"E","South West","E07000078","Cheltenham","Female",0,84.0016834669505,9.62470204202665,0.114577489935822,68.1918727198992
2019,"E","South West","E07000079","Cotswold","Female",0,85.7739652026326,8.90175335351508,0.103781530123803,69.5309451132576
2019,"E","South West","E07000080","Forest of Dean","Female",0,84.5949069393286,9.06576138561944,0.10716675168307,68.6704088554288
2019,"E","South West","E07000081","Gloucester","Female",0,82.9891345388657,10.2129403818,0.123063584631276,67.4029206645685
2019,"E","South West","E07000082","Stroud","Female",0,84.2016481382692,9.09472820601263,0.108011284898818,68.3462735313102
2019,"E","South West","E07000083","Tewkesbury","Female",0,86.1923740999271,9.05153776481382,0.105015529034157,69.8421209008627
2019,"E","South West","E07000187","Mendip","Female",0,84.7521207326141,9.25808766385563,0.10923723894844,68.7569213131475
2019,"E","South West","E07000188","Sedgemoor","Female",0,84.2149388328229,9.36335079999513,0.111183964861419,68.3638398995996
2019,"E","South West","E07000189","South Somerset","Female",0,85.3118180615259,8.9562523640994,0.104982551862161,69.1814182698671
2019,"E","South West","E07000246","Somerset West and Taunton","Female",0,84.4485605601291,9.52099474945167,0.112743126541186,68.5242742550355
2019,"E","South West","E06000022","Bath and North East Somerset","Male",0,81.365882754526,10.267840887253,0.126193442996621,67.5687658849634
2019,"E","South West","E06000023","Bristol, City of","Male",0,78.7647462161723,11.1453208458538,0.141501387121405,65.5181616494295
2019,"E","South West","E06000024","North Somerset","Male",0,80.9824396367393,10.428788567384,0.12877839460214,67.2644340328199
2019,"E","South West","E06000025","South Gloucestershire","Male",0,81.940753961054,10.1426360298974,0.12378011599354,68.018701831015
2019,"E","South West","E06000026","Plymouth","Male",0,79.0016676789106,11.3728362699142,0.143956913873479,65.6887137910954
2019,"E","South West","E06000027","Torbay","Male",0,78.9452842673877,11.9815859612103,0.151770762147473,65.6174469797107
2019,"E","South West","E06000030","Swindon","Male",0,80.0511208997283,10.6872889859652,0.133505800616484,66.530588313293
2019,"E","South West","E06000052","Cornwall","Male",0,80.2014922778234,10.8322067284881,0.135062408701381,66.6390369833179
2019,"E","South West","E06000054","Wiltshire","Male",0,81.3402010270538,10.4730694307569,0.128756375058301,67.5322582453911
2019,"E","South West","E06000058","Bournemouth, Christchurch and Poole","Male",0,80.6816943296679,10.8178171301019,0.134080192786978,67.0149870525307
2019,"E","South West","E06000059","Dorset","Male",0,81.5709613363164,10.5950009181839,0.129886919862337,67.7052140945658
2019,"E","South West","E07000040","East Devon","Male",0,82.5580025824348,9.80674566586362,0.11878613046714,68.5155604248197
2019,"E","South West","E07000041","Exeter","Male",0,79.3378699825379,11.0226463794176,0.138932975914826,65.957553708123
2019,"E","South West","E07000042","Mid Devon","Male",0,81.5424436070622,10.0723463863972,0.123522743994943,67.7152476512334
2019,"E","South West","E07000043","North Devon","Male",0,80.8986527064829,10.2734439359509,0.126991533137456,67.2112777907782
2019,"E","South West","E07000044","South Hams","Male",0,82.6657748703699,9.88691187260146,0.119601030633359,68.5884073170061
2019,"E","South West","E07000045","Teignbridge","Male",0,80.8861407946497,10.4987024276401,0.129796060542606,67.1828771305369
2019,"E","South West","E07000046","Torridge","Male",0,81.3501311143991,9.91667310248535,0.121901132384654,67.57877078512
2019,"E","South West","E07000047","West Devon","Male",0,81.9816531086987,10.3742307167599,0.126543321869893,68.0472002069417
2019,"E","South West","E07000078","Cheltenham","Male",0,80.297786949047,10.550178376474,0.131388158719351,66.7285046894461
2019,"E","South West","E07000079","Cotswold","Male",0,82.968306236865,9.48497223499927,0.114320427464444,68.841245022098
2019,"E","South West","E07000080","Forest of Dean","Male",0,81.529383492068,9.94559965965735,0.121987916916175,67.7100440784208
2019,"E","South West","E07000081","Gloucester","Male",0,78.7264104169522,11.1238371247622,0.141297400273275,65.4796543478026
2019,"E","South West","E07000082","Stroud","Male",0,80.6834271548427,10.3464706167059,0.128235388375974,67.0260057175883
2019,"E","South West","E07000083","Tewkesbury","Male",0,81.5510616734131,9.99584258887295,0.122571581335179,67.7281210080322
2019,"E","South West","E07000187","Mendip","Male",0,81.5394837682064,10.1360737362322,0.124308779842735,67.7115284948561
2019,"E","South West","E07000188","Sedgemoor","Male",0,80.1637834965309,10.8017747672157,0.134746319298704,66.6073836046689
2019,"E","South West","E07000189","South Somerset","Male",0,81.1484063718513,10.5196732124104,0.129634994484124,67.3854963299194
2019,"E","South West","E07000246","Somerset West and Taunton","Male",0,80.2787365769259,11.2074088238902,0.139606193392827,66.6744670140609
2019,"W","Wales","W06000001","Isle of Anglesey","Female",0,83.7771755863361,10.2354938116577,0.122175207507557,66.3738167188336
2019,"W","Wales","W06000002","Gwynedd","Female",0,83.5553328312743,9.99278069753053,0.119594768627267,66.2303830243881
2019,"W","Wales","W06000003","Conwy","Female",0,83.5485171701138,10.7203676484555,0.128313080968603,66.1558144930327
2019,"W","Wales","W06000004","Denbighshire","Female",0,82.1364252542267,9.62925465862495,0.117234888526262,65.2974776428893
2019,"W","Wales","W06000005","Flintshire","Female",0,82.3890193529422,10.1235195006685,0.122874620673671,65.4148419817668
2019,"W","Wales","W06000006","Wrexham","Female",0,81.696427506977,10.3491865504695,0.126678569262843,64.926550206288
2019,"W","Wales","W06000008","Ceredigion","Female",0,84.7105687009401,9.60074774220344,0.113335890543926,67.0521553955723
2019,"W","Wales","W06000009","Pembrokeshire","Female",0,83.4447602605568,10.0777632229937,0.120771672080138,66.1439451271609
2019,"W","Wales","W06000010","Carmarthenshire","Female",0,82.8323659417672,9.66161857067407,0.116640620617626,65.7813376171949
2019,"W","Wales","W06000011","Swansea","Female",0,82.2088190321611,10.3912403363094,0.126400554814493,65.2744283142772
2019,"W","Wales","W06000012","Neath Port Talbot","Female",0,81.4078487781261,10.3653113090125,0.127325699727833,64.7370755226142
2019,"W","Wales","W06000013","Bridgend","Female",0,81.7232383460091,9.80164478610818,0.119937058105907,65.0090164303026
2019,"W","Wales","W06000014","Vale of Glamorgan","Female",0,84.1360365510982,9.60453117370297,0.114154785124325,66.6581526648162
2019,"W","Wales","W06000015","Cardiff","Female",0,82.9787023839688,9.88876561908858,0.11917233380356,65.8474891127008
2019,"W","Wales","W06000016","Rhondda Cynon Taff","Female",0,80.6506051935299,10.2261239213995,0.12679537737951,64.2262909154516
2019,"W","Wales","W06000018","Caerphilly","Female",0,81.4262353054539,10.5603588397288,0.129692338103485,64.7400735031471
2019,"W","Wales","W06000019","Blaenau Gwent","Female",0,80.7263069062203,9.82510071866532,0.121708784846049,64.3284210312026
2019,"W","Wales","W06000020","Torfaen","Female",0,81.7530430129832,10.1764350753222,0.124477752757241,64.9829820799385
2019,"W","Wales","W06000021","Monmouthshire","Female",0,84.9763058611738,9.22511972822264,0.108561082230307,67.2545051400704
2019,"W","Wales","W06000022","Newport","Female",0,82.1043187869223,9.96475992823171,0.121367061750946,65.242559968485
2019,"W","Wales","W06000023","Powys","Female",0,84.1611906842101,9.56474576733668,0.113647937839016,66.6763088677787
2019,"W","Wales","W06000024","Merthyr Tydfil","Female",0,80.8098688456564,9.88100889853187,0.122274779549565,64.3833045519764
2019,"W","Wales","W06000001","Isle of Anglesey","Male",0,80.4762037764163,10.8500835710561,0.134823501381855,66.6324329101221
2019,"W","Wales","W06000002","Gwynedd","Male",0,79.642503977279,10.9796735164145,0.13786198283704,66.0107501400287
2019,"W","Wales","W06000003","Conwy","Male",0,78.6787135638267,12.2619111242399,0.155847885264324,65.1986524631574
2019,"W","Wales","W06000004","Denbighshire","Male",0,79.0351258994411,10.7980222595373,0.136623079126564,65.5715540113575
2019,"W","Wales","W06000005","Flintshire","Male",0,79.7303831409739,10.7770278896112,0.135168394595019,66.0789714422667
2019,"W","Wales","W06000006","Wrexham","Male",0,78.4874001330192,11.6467720071281,0.148390340199692,65.1002635290581
2019,"W","Wales","W06000008","Ceredigion","Male",0,79.7215433244479,11.3237828422757,0.142041691242611,66.0450142494756
2019,"W","Wales","W06000009","Pembrokeshire","Male",0,79.6223530296432,11.4626394978488,0.143962581633092,65.9333560543858
2019,"W","Wales","W06000010","Carmarthenshire","Male",0,78.7689274706346,11.2088190238188,0.142300008185302,65.3245333688998
2019,"W","Wales","W06000011","Swansea","Male",0,77.8499490956814,11.6619974212111,0.149800963991356,64.6215398957158
2019,"W","Wales","W06000012","Neath Port Talbot","Male",0,77.4413153750491,11.1859166884173,0.144443784745181,64.358204466934
2019,"W","Wales","W06000013","Bridgend","Male",0,76.9930434683259,11.8473582375955,0.153875697126707,63.9644608417878
2019,"W","Wales","W06000014","Vale of Glamorgan","Male",0,80.195098768875,10.3621116323032,0.1292112833749,66.4546306475206
2019,"W","Wales","W06000015","Cardiff","Male",0,78.3735892429745,10.9357070886707,0.139533064573165,65.0639929441618
2019,"W","Wales","W06000016","Rhondda Cynon Taff","Male",0,77.221506904085,11.3743334710044,0.147294891371806,64.1759973045559
2019,"W","Wales","W06000018","Caerphilly","Male",0,77.8663175959194,11.037630899023,0.141751032279475,64.6814886163651
2019,"W","Wales","W06000019","Blaenau Gwent","Male",0,77.515593268736,11.012563773741,0.142069012302621,64.4308291249728
2019,"W","Wales","W06000020","Torfaen","Male",0,78.4734097024391,11.5529641413312,0.147221386010097,65.0990472057804
2019,"W","Wales","W06000021","Monmouthshire","Male",0,82.226867289697,10.0087628419587,0.121721320194486,67.9597347531709
2019,"W","Wales","W06000022","Newport","Male",0,77.7682375189364,11.2414346193346,0.144550461447675,64.5927302273754
2019,"W","Wales","W06000023","Powys","Male",0,81.1759731192526,10.0466660719138,0.123764036153341,67.1901847430524
2019,"W","Wales","W06000024","Merthyr Tydfil","Male",0,76.786432116472,11.4696153275922,0.149370338111227,63.8433829007749
2019,"E","West Midlands","E06000019","Herefordshire, County of","Female",0,84.3669368806548,9.42017226006619,0.11165715632644,67.1416809196083
2019,"E","West Midlands","E06000020","Telford and Wrekin","Female",0,82.3229009698897,10.0005400838803,0.12147944212435,65.6821975874306
2019,"E","West Midlands","E06000021","Stoke-on-Trent","Female",0,80.1222091693792,10.6932165115039,0.133461328916909,64.0633072577369
2019,"E","West Midlands","E06000051","Shropshire","Female",0,83.9205119075456,9.66054925666136,0.115115471022201,66.8167899205926
2019,"E","West Midlands","E07000192","Cannock Chase","Female",0,82.9856776001922,10.0704148596564,0.12135123976662,66.1440581611382
2019,"E","West Midlands","E07000193","East Staffordshire","Female",0,83.1084292873481,10.0353517833433,0.120750107653292,66.2325408311816
2019,"E","West Midlands","E07000194","Lichfield","Female",0,83.9673425528981,9.41723315505092,0.112153521461254,66.8777613033512
2019,"E","West Midlands","E07000195","Newcastle-under-Lyme","Female",0,82.6948070290684,10.1216244822975,0.122397340848013,65.9286710207612
2019,"E","West Midlands","E07000196","South Staffordshire","Female",0,84.1652223824235,9.39017149924349,0.111568308541706,67.0091163043813
2019,"E","West Midlands","E07000197","Stafford","Female",0,84.765123686709,9.07881212414499,0.107105513792444,67.4635651298403
2019,"E","West Midlands","E07000198","Staffordshire Moorlands","Female",0,83.7770200433206,9.45990807568112,0.112917695936063,66.7412259364852
2019,"E","West Midlands","E07000199","Tamworth","Female",0,82.7847284767743,9.89299299793019,0.119502632671021,66.0177711246108
2019,"E","West Midlands","E07000218","North Warwickshire","Female",0,82.7671266705967,9.1724630126563,0.110822537662345,66.0748964051359
2019,"E","West Midlands","E07000219","Nuneaton and Bedworth","Female",0,82.0590271031391,9.98692426127782,0.121704151436323,65.4947234985108
2019,"E","West Midlands","E07000220","Rugby","Female",0,84.4708791157271,9.479651325115,0.112223898038609,67.2281200463177
2019,"E","West Midlands","E07000221","Stratford-on-Avon","Female",0,85.6281290624789,8.93440520111237,0.104339605441961,68.0686630976226
2019,"E","West Midlands","E07000222","Warwick","Female",0,84.6658018506781,9.47889649020184,0.111956613922105,67.3535639929545
2019,"E","West Midlands","E07000234","Bromsgrove","Female",0,84.6073029860769,8.81144057743901,0.10414515374505,67.3624679264944
2019,"E","West Midlands","E07000235","Malvern Hills","Female",0,84.3170076527036,8.91887517114561,0.105777890124871,67.1519091383386
2019,"E","West Midlands","E07000236","Redditch","Female",0,82.9843110983572,10.2045508938522,0.122969640390908,66.1383079833548
2019,"E","West Midlands","E07000237","Worcester","Female",0,82.7154211804185,9.76729283785197,0.118083093798768,65.976242925569
2019,"E","West Midlands","E07000238","Wychavon","Female",0,84.9816654855865,9.81036656230211,0.11544097784205,67.5426601870472
2019,"E","West Midlands","E07000239","Wyre Forest","Female",0,83.5634486940858,9.40741881657355,0.112578154247951,66.6040672820394
2019,"E","West Midlands","E08000025","Birmingham","Female",0,81.8693417391156,10.6547894298027,0.130143826778957,65.3107087181515
2019,"E","West Midlands","E08000026","Coventry","Female",0,82.2918775895072,10.0005086292844,0.121524856671389,65.6605689509746
2019,"E","West Midlands","E08000027","Dudley","Female",0,82.7517635720667,10.1706695440571,0.122905773907763,65.9662784621629
2019,"E","West Midlands","E08000028","Sandwell","Female",0,80.976747129023,10.4113174801286,0.128571693100241,64.7018769638038
2019,"E","West Midlands","E08000029","Solihull","Female",0,84.1926568238698,9.6497123949539,0.114614655944888,67.0126668559043
2019,"E","West Midlands","E08000030","Walsall","Female",0,81.9880872433111,10.5014857512061,0.128085507349885,65.4056094296642
2019,"E","West Midlands","E08000031","Wolverhampton","Female",0,81.6632196820115,10.2249331470728,0.125208547824684,65.1977590397102
2019,"E","West Midlands","E06000019","Herefordshire, County of","Male",0,80.4250803644277,11.1204125222544,0.138270455831251,67.6683811372764
2019,"E","West Midlands","E06000020","Telford and Wrekin","Male",0,78.5913689049097,11.3074844768843,0.143876924838472,66.2790129899379
2019,"E","West Midlands","E06000021","Stoke-on-Trent","Male",0,76.2445519868951,11.7484369790046,0.154088871569787,64.4412619192265
2019,"E","West Midlands","E06000051","Shropshire","Male",0,80.5163308170049,10.6838539893934,0.132691764279166,67.766869132114
2019,"E","West Midlands","E07000192","Cannock Chase","Male",0,78.5107037713151,11.0711492764038,0.141014520881786,66.2231204021884
2019,"E","West Midlands","E07000193","East Staffordshire","Male",0,78.6652824686627,11.0700850738907,0.140723896571535,66.3373334954891
2019,"E","West Midlands","E07000194","Lichfield","Male",0,81.1031436141537,10.0261254998465,0.123621909744282,68.26842895288
2019,"E","West Midlands","E07000195","Newcastle-under-Lyme","Male",0,78.7321786462256,11.3360440025479,0.143982348735517,66.3868508784518
2019,"E","West Midlands","E07000196","South Staffordshire","Male",0,80.6971792211397,9.9780694999991,0.123648305880129,67.9529282843873
2019,"E","West Midlands","E07000197","Stafford","Male",0,80.3923824074022,10.7166992905484,0.133304909863719,67.6774082470622
2019,"E","West Midlands","E07000198","Staffordshire Moorlands","Male",0,81.0816667230319,9.62868682779549,0.118752946466755,68.2757263873021
2019,"E","West Midlands","E07000199","Tamworth","Male",0,79.3139272727119,10.3718522756554,0.130769621834422,66.8703172351498
2019,"E","West Midlands","E07000218","North Warwickshire","Male",0,79.4985336548586,10.0455472257856,0.126361415285949,67.0347069662631
2019,"E","West Midlands","E07000219","Nuneaton and Bedworth","Male",0,77.6536694474959,11.2360055202186,0.144693812928127,65.5548066196609
2019,"E","West Midlands","E07000220","Rugby","Male",0,80.2709595241311,11.0859603166278,0.138106737260256,67.5683288028329
2019,"E","West Midlands","E07000221","Stratford-on-Avon","Male",0,81.8831515384599,10.2158207187656,0.124760961526588,68.8356392268394
2019,"E","West Midlands","E07000222","Warwick","Male",0,81.4034993793354,10.1659844591763,0.124883875222654,68.4889441160032
2019,"E","West Midlands","E07000234","Bromsgrove","Male",0,81.446940949285,9.80394550563766,0.120372175938963,68.5251129126874
2019,"E","West Midlands","E07000235","Malvern Hills","Male",0,82.14183881659,9.65604643718308,0.117553326980463,69.067722772325
2019,"E","West Midlands","E07000236","Redditch","Male",0,79.1905492254923,10.9487391748668,0.138258154311958,66.7529983508119
2019,"E","West Midlands","E07000237","Worcester","Male",0,79.8027870759707,10.5369274987956,0.132037086483767,67.2491773199299
2019,"E","West Midlands","E07000238","Wychavon","Male",0,81.6216464873332,10.6064933157286,0.129947063949202,68.6254427438678
2019,"E","West Midlands","E07000239","Wyre Forest","Male",0,78.833603281199,11.2556536204541,0.142777358283437,66.4565147635532
2019,"E","West Midlands","E08000025","Birmingham","Male",0,77.3019340928778,11.9974998284685,0.155203100275002,65.2498809010912
2019,"E","West Midlands","E08000026","Coventry","Male",0,78.3972734928591,11.5194039647773,0.146936283005129,66.1205627550245
2019,"E","West Midlands","E08000027","Dudley","Male",0,79.2002784162449,10.8642717058937,0.137174665583819,66.7700882397756
2019,"E","West Midlands","E08000028","Sandwell","Male",0,76.423444353309,11.6792040003198,0.15282226676838,64.5904754412745
2019,"E","West Midlands","E08000029","Solihull","Male",0,80.7611744912508,10.6159379056928,0.131448532943796,67.9631540155378
2019,"E","West Midlands","E08000030","Walsall","Male",0,77.8440182081323,11.5176322590927,0.147957833167064,65.6847816835301
2019,"E","West Midlands","E08000031","Wolverhampton","Male",0,76.816826160941,11.6217387187564,0.151291576332604,64.8974882181568
2019,"E","Yorkshire and The Humber","E06000010","Kingston upon Hull, City of","Female",0,80.2884713014919,10.1821580178742,0.126819677256516,64.7187668688716
2019,"E","Yorkshire and The Humber","E06000011","East Riding of Yorkshire","Female",0,84.0770900881572,9.58343347569032,0.113983886283907,67.4481998124885
2019,"E","Yorkshire and The Humber","E06000012","North East Lincolnshire","Female",0,82.6652117382255,9.96931874577111,0.120598720261442,66.4330274791614
2019,"E","Yorkshire and The Humber","E06000013","North Lincolnshire","Female",0,83.2507847647485,9.96927989267261,0.119749980986293,66.8511083625972
2019,"E","Yorkshire and The Humber","E06000014","York","Female",0,83.7211187121184,9.80100878601265,0.11706734139225,67.1877526685937
2019,"E","Yorkshire and The Humber","E07000163","Craven","Female",0,85.4560451517889,8.69127012151563,0.101704567606399,68.4910865092228
2019,"E","Yorkshire and The Humber","E07000164","Hambleton","Female",0,85.2703482220064,9.36694492106426,0.109849966798269,68.3100335918029
2019,"E","Yorkshire and The Humber","E07000165","Harrogate","Female",0,85.6137822058894,8.83947878843965,0.103248315407698,68.5968745655796
2019,"E","Yorkshire and The Humber","E07000166","Richmondshire","Female",0,84.3119249890108,9.03647474630676,0.107179082288592,67.6586295181788
2019,"E","Yorkshire and The Humber","E07000167","Ryedale","Female",0,86.0979207128629,9.40132633730866,0.109193419068297,68.8892647388483
2019,"E","Yorkshire and The Humber","E07000168","Scarborough","Female",0,83.1455180104437,10.2215603626179,0.12293579506395,66.7391271984473
2019,"E","Yorkshire and The Humber","E07000169","Selby","Female",0,84.4299499111678,9.28633578868436,0.109988645006362,67.7352894492655
2019,"E","Yorkshire and The Humber","E08000016","Barnsley","Female",0,81.4758034092501,10.121307371134,0.124224701661363,65.5734469689767
2019,"E","Yorkshire and The Humber","E08000017","Doncaster","Female",0,81.3711284719435,10.4107691535649,0.12794180625324,65.4754467170576
2019,"E","Yorkshire and The Humber","E08000018","Rotherham","Female",0,81.160277303147,10.3261913996696,0.127232086222421,65.3299186090005
2019,"E","Yorkshire and The Humber","E08000019","Sheffield","Female",0,82.634389596832,9.86675727937726,0.119402555370912,66.4112922697668
2019,"E","Yorkshire and The Humber","E08000032","Bradford","Female",0,81.7929359143359,10.2098145664121,0.124825138653846,65.7851357297784
2019,"E","Yorkshire and The Humber","E08000033","Calderdale","Female",0,82.654475118033,10.2291938865773,0.123758500334915,66.3944418076649
2019,"E","Yorkshire and The Humber","E08000034","Kirklees","Female",0,82.4517521288745,10.1165793835918,0.12269696061497,66.2612073352932
2019,"E","Yorkshire and The Humber","E08000035","Leeds","Female",0,82.062001208736,10.2177684573096,0.124512786756434,65.9776091777185
2019,"E","Yorkshire and The Humber","E08000036","Wakefield","Female",0,81.5859169298723,10.4654540960514,0.128275252517504,65.6242866214392
2019,"E","Yorkshire and The Humber","E06000010","Kingston upon Hull, City of","Male",0,75.9297012763593,11.4757822872849,0.151136934485186,63.9642966686568
2019,"E","Yorkshire and The Humber","E06000011","East Riding of Yorkshire","Male",0,80.3270234991717,10.4861910575095,0.130543752285526,67.3993236908419
2019,"E","Yorkshire and The Humber","E06000012","North East Lincolnshire","Male",0,78.1605822327148,11.3932209427971,0.145766838185455,65.698987324613
2019,"E","Yorkshire and The Humber","E06000013","North Lincolnshire","Male",0,79.1158942324891,10.8280576808604,0.136863240767288,66.4682660124236
2019,"E","Yorkshire and The Humber","E06000014","York","Male",0,80.3208550353965,10.7098045379168,0.133337780495453,67.4062583049741
2019,"E","Yorkshire and The Humber","E07000163","Craven","Male",0,81.9174642746216,9.93838222849939,0.121321897796809,68.6540183128481
2019,"E","Yorkshire and The Humber","E07000164","Hambleton","Male",0,82.5585151446045,9.7565380185881,0.118177246786708,69.1601425594995
2019,"E","Yorkshire and The Humber","E07000165","Harrogate","Male",0,81.3032565397696,10.5620314412665,0.12990908225306,68.1626037468266
2019,"E","Yorkshire and The Humber","E07000166","Richmondshire","Male",0,82.2084694475228,9.45434545477146,0.115004518613579,68.9141320548069
2019,"E","Yorkshire and The Humber","E07000167","Ryedale","Male",0,82.6061108985929,9.92176180642265,0.12010929577114,69.2080869936422
2019,"E","Yorkshire and The Humber","E07000168","Scarborough","Male",0,78.3309733128669,11.8459274426033,0.151229161870474,65.8085734367018
2019,"E","Yorkshire and The Humber","E07000169","Selby","Male",0,80.8051628254981,10.147450627323,0.125579236183668,67.7878450765583
2019,"E","Yorkshire and The Humber","E08000016","Barnsley","Male",0,77.4388208150649,11.2677379412303,0.145505029940207,65.1320037487947
2019,"E","Yorkshire and The Humber","E08000017","Doncaster","Male",0,77.9753657144756,11.2097102290251,0.143759636473806,65.5545134195647
2019,"E","Yorkshire and The Humber","E08000018","Rotherham","Male",0,77.9268215884025,11.3043290177029,0.145063391362355,65.5255773646776
2019,"E","Yorkshire and The Humber","E08000019","Sheffield","Male",0,78.7757245458911,10.9894906302489,0.139503517023788,66.1932794998308
2019,"E","Yorkshire and The Humber","E08000032","Bradford","Male",0,77.4870395588134,11.4003703716849,0.147126157310887,65.1699033943951
2019,"E","Yorkshire and The Humber","E08000033","Calderdale","Male",0,78.9277292999037,11.0235856890991,0.13966682922313,66.3068787180786
2019,"E","Yorkshire and The Humber","E08000034","Kirklees","Male",0,78.6047342673586,11.2710939281462,0.143389504884143,66.0425254192784
2019,"E","Yorkshire and The Humber","E08000035","Leeds","Male",0,78.1195363021039,11.3837927934808,0.145722738924837,65.6666734108791
2019,"E","Yorkshire and The Humber","E08000036","Wakefield","Male",0,77.5954792521264,11.4883862010911,0.148054839171269,65.2576567167717
