"geography_name","sex_name","age_code","age_name","year","N","source","mean_pcs","mean_mcs","mean_pcs_wt","mean_mcs_wt","eq5d_util_lf_6v_wt"
"East Midlands","Female",20,"under_20",2019,78,"US",55.3178205128205,39.8973076923077,54.9984590113501,39.3823784333476,0.812273641342534
"East Midlands","Female",24,"20-24",2019,82,"US",54.9253658536586,39.2082926829268,53.8245894453566,41.2725714419905,0.813479273282313
"East Midlands","Female",29,"25-29",2019,87,"US",53.5463218390805,45.1942528735632,53.1484016328802,44.6300870808065,0.836416945180777
"East Midlands","Female",34,"30-34",2019,96,"US",52.5813541666667,44.2934375,51.8701578206211,44.3174902791219,0.815415618371883
"East Midlands","Female",39,"35-39",2019,74,"US",53.3172972972973,45.1181081081081,53.904378102169,43.7850742330804,0.839549132509927
"East Midlands","Female",44,"40-44",2019,91,"US",50.8074725274725,46.6569230769231,50.7111008328033,47.6629818566202,0.830962986080433
"East Midlands","Female",49,"45-49",2019,121,"US",51.8874380165289,45.7240495867769,52.4058132576475,45.8632258526759,0.837341006898384
"East Midlands","Female",54,"50-54",2019,114,"US",49.8212280701754,47.4942105263158,48.8295852987448,47.0311286916011,0.801763744780292
"East Midlands","Female",59,"55-59",2019,116,"US",48.4005172413793,48.3411206896552,48.9439902550471,48.489851194347,0.816361069225796
"East Midlands","Female",64,"60-64",2019,101,"US",47.3915841584158,48.180198019802,47.7275364438412,47.6411784374809,0.794202927714075
"East Midlands","Female",69,"65-69",2019,92,"US",44.7380434782609,52.7034782608696,45.0542393500397,52.7335299349816,0.80845646802399
"East Midlands","Female",74,"70-74",2019,86,"US",44.1956976744186,51.371511627907,45.2576836775792,51.9778596188206,0.80442379678795
"East Midlands","Female",79,"75-79",2019,49,"US",40.0197959183674,51.3287755102041,39.6836625398874,51.7313104633923,0.741223062995171
"East Midlands","Female",84,"80-84",2019,34,"US",38.3114705882353,50.6008823529412,38.4658413630197,50.2267768856658,0.712878311965152
"East Midlands","Female",85,"85_plus",2019,27,"US",39.4933333333333,53.527037037037,39.3018428053328,53.5154492752093,0.752736804232736
"East Midlands","Male",20,"under_20",2019,42,"US",55.2952380952381,48.5642857142857,55.1218250357287,46.3122880188327,0.881146662473217
"East Midlands","Male",24,"20-24",2019,64,"US",54.83734375,47.94296875,54.9313170938354,47.0734565536054,0.884744117577966
"East Midlands","Male",29,"25-29",2019,59,"US",53.5433898305085,47.0572881355932,53.2143487230336,47.3752163444063,0.862088517233073
"East Midlands","Male",34,"30-34",2019,74,"US",52.9445945945946,48.3387837837838,52.4409991686925,48.5145769913618,0.861080341767549
"East Midlands","Male",39,"35-39",2019,47,"US",53.3648936170213,46.8004255319149,52.6673065443079,47.6484897885953,0.856807001321797
"East Midlands","Male",44,"40-44",2019,70,"US",50.762,47.2408571428572,50.8088847845967,45.5579685293191,0.812983681033709
"East Midlands","Male",49,"45-49",2019,99,"US",51.3225252525253,49.0284848484849,51.2968011007437,48.8435524670866,0.848712952407468
"East Midlands","Male",54,"50-54",2019,99,"US",50.2706060606061,49.5507070707071,50.4610805417794,50.7215282117739,0.853643575600481
"East Midlands","Male",59,"55-59",2019,103,"US",48.4296116504854,49.2670873786408,48.4411952511961,48.7926577319227,0.813034627385796
"East Midlands","Male",64,"60-64",2019,90,"US",47.8014444444445,50.2938888888889,46.405496208768,48.9517490974649,0.790879119858418
"East Midlands","Male",69,"65-69",2019,86,"US",47.2881395348837,52.2195348837209,48.3407441075967,52.5920638793252,0.843401365484101
"East Midlands","Male",74,"70-74",2019,100,"US",44.8094,52.7111,44.1675745905136,52.4392104325461,0.796518834354228
"East Midlands","Male",79,"75-79",2019,44,"US",43.3531818181818,50.7868181818182,45.1818025082382,51.3402501150263,0.798224564776841
"East Midlands","Male",84,"80-84",2019,31,"US",40.0448387096774,49.5990322580645,41.7865652927521,49.448554069924,0.743773197472221
"East Midlands","Male",85,"85_plus",2019,16,"US",41.07375,52.4125,40.2848696557835,52.0029681711953,0.75046935843041
"East of England","Female",20,"under_20",2019,77,"US",53.9258441558442,44.8396103896104,52.3426246907389,45.0653341470598,0.829073631397219
"East of England","Female",24,"20-24",2019,75,"US",54.3722666666667,43.3632,55.2111531802803,42.5724794546833,0.848169217367379
"East of England","Female",29,"25-29",2019,81,"US",53.4508641975309,43.8479012345679,55.6559918081086,43.0797896468367,0.860249013347738
"East of England","Female",34,"30-34",2019,121,"US",53.2669421487603,42.5350413223141,52.9801195645988,41.7235385109537,0.80543800319172
"East of England","Female",39,"35-39",2019,96,"US",52.7596875,46.1603125,51.9192067667844,45.8448792930485,0.83048833732897
"East of England","Female",44,"40-44",2019,139,"US",52.1434532374101,45.2334532374101,51.2711755440351,46.0423443066976,0.823602940948356
"East of England","Female",49,"45-49",2019,123,"US",50.8656910569106,46.3469105691057,51.957536716603,47.6299335674555,0.84699890677122
"East of England","Female",54,"50-54",2019,142,"US",50.3714788732394,46.3914788732394,49.7821268284981,46.3399372800049,0.807128891244987
"East of England","Female",59,"55-59",2019,148,"US",47.7450675675676,48.5747297297297,48.0655148390891,48.1246508878767,0.802616744138303
"East of England","Female",64,"60-64",2019,120,"US",47.0399166666667,49.59875,46.229168793098,50.078956980035,0.798910661918067
"East of England","Female",69,"65-69",2019,135,"US",46.0591111111111,50.7645925925926,45.1442800528266,51.3070242729645,0.797531523201937
"East of England","Female",74,"70-74",2019,113,"US",45.3448672566372,51.0538053097345,45.2206221519279,51.4681457101049,0.799735417327555
"East of England","Female",79,"75-79",2019,75,"US",40.4798666666667,51.2784,39.9821795670541,51.2693919587969,0.740394443968635
"East of England","Female",84,"80-84",2019,49,"US",40.3389795918367,52.9267346938776,40.6064391776433,54.4092366219805,0.774697793917593
"East of England","Female",85,"85_plus",2019,35,"US",34.9614285714286,52.4611428571429,37.0452453535728,52.4892592709315,0.717087279054946
"East of England","Male",20,"under_20",2019,64,"US",55.9865625,47.219375,55.6011878890852,45.2093176362439,0.878997774348475
"East of England","Male",24,"20-24",2019,71,"US",54.886338028169,44.5833802816901,55.9559806174038,42.8456131376964,0.862953391926635
"East of England","Male",29,"25-29",2019,62,"US",53.6216129032258,48.3024193548387,54.6835426546559,49.1010275296565,0.89767448930772
"East of England","Male",34,"30-34",2019,78,"US",53.420641025641,48.6464102564103,54.9860378112157,46.727456001144,0.882630740002262
"East of England","Male",39,"35-39",2019,88,"US",54.8254545454546,46.0547727272727,54.3117429387281,47.1146180401784,0.875754674907369
"East of England","Male",44,"40-44",2019,98,"US",52.8831632653061,47.9748979591837,52.8395999321593,47.7109395158802,0.859726372870654
"East of England","Male",49,"45-49",2019,115,"US",51.9780869565217,47.5057391304348,52.0729325407638,46.2296409718468,0.836102787282565
"East of England","Male",54,"50-54",2019,95,"US",49.7124210526316,49.01,48.0069101689012,48.13631251126,0.802030083648402
"East of England","Male",59,"55-59",2019,92,"US",50.2291304347826,50.1866304347826,49.3604524611029,50.5488965799439,0.83891409331586
"East of England","Male",64,"60-64",2019,110,"US",47.3112727272727,50.17,46.1042140818081,50.8219657083277,0.803943367250143
"East of England","Male",69,"65-69",2019,98,"US",47.8598979591837,53.3242857142857,47.7897144383405,52.8981067829113,0.839583970100978
"East of England","Male",74,"70-74",2019,107,"US",46.161308411215,54.7055140186916,46.4304245005812,55.128732032959,0.841619158670516
"East of England","Male",79,"75-79",2019,76,"US",45.3942105263158,52.9832894736842,45.5501022414578,53.5120309139189,0.819997804611148
"East of England","Male",84,"80-84",2019,50,"US",38.7616,51.1662,40.1504772783396,52.4282706778793,0.752750621248688
"East of England","Male",85,"85_plus",2019,27,"US",37.6396296296296,52.78,36.8322589144985,52.939180881827,0.718604345945891
"London","Female",20,"under_20",2019,119,"US",54.8779831932773,40.5100840336134,56.3681581647997,39.5863088921953,0.837434121867121
"London","Female",24,"20-24",2019,164,"US",52.6029878048781,43.1543902439024,53.5731923102745,44.3975659778117,0.8404262067107
"London","Female",29,"25-29",2019,153,"US",53.4133333333333,44.1296732026144,53.9663536236775,43.1461697546154,0.834334760681427
"London","Female",34,"30-34",2019,188,"US",53.0918617021277,42.9953191489362,54.360687897685,43.5803440688744,0.844521537008721
"London","Female",39,"35-39",2019,150,"US",50.6105333333333,45.4718,50.5118225386312,40.9038046253095,0.762002431576088
"London","Female",44,"40-44",2019,198,"US",50.3271717171717,46.9521717171717,52.3161468044178,45.0827836215575,0.82886857376564
"London","Female",49,"45-49",2019,207,"US",50.3828019323672,46.6957971014493,51.3502496596274,45.4461491344396,0.819101981948376
"London","Female",54,"50-54",2019,216,"US",48.0803703703704,48.6495833333333,49.3649577842887,50.2096317626336,0.83616415189336
"London","Female",59,"55-59",2019,185,"US",45.710972972973,46.4541081081081,48.6291151966514,47.0340970530092,0.799355527794222
"London","Female",64,"60-64",2019,120,"US",46.8339166666667,47.3444166666667,48.703973251325,46.7083621550329,0.79722471547742
"London","Female",69,"65-69",2019,104,"US",45.4719230769231,49.9201923076923,46.3373073051482,51.832182327097,0.814996502465144
"London","Female",74,"70-74",2019,99,"US",41.9288888888889,49.5093939393939,41.6742033840786,50.59865969108,0.75324134247659
"London","Female",79,"75-79",2019,71,"US",41.4038028169014,52.8,46.0182151000836,53.6112156205509,0.825781769504756
"London","Female",84,"80-84",2019,25,"US",37.328,49.3632,35.2240718574468,49.2612794659506,0.662018214627725
"London","Female",85,"85_plus",2019,24,"US",28.27375,51.3295833333333,26.0605632136806,54.4189651483507,0.561742727555258
"London","Male",20,"under_20",2019,126,"US",55.0366666666667,49.0369047619048,55.0061023566244,50.5206595044166,0.913453780160967
"London","Male",24,"20-24",2019,131,"US",54.303893129771,47.4758015267176,55.1579512170539,44.8620030001017,0.868835672784709
"London","Male",29,"25-29",2019,116,"US",54.113275862069,47.8853448275862,55.2143164095384,47.9053413564807,0.89603500182661
"London","Male",34,"30-34",2019,115,"US",52.8255652173913,46.8658260869565,55.5733946506351,43.1719173198092,0.859779570667451
"London","Male",39,"35-39",2019,93,"US",51.7776344086022,44.8684946236559,52.2392139032284,47.3449039118007,0.848312504385424
"London","Male",44,"40-44",2019,139,"US",52.5760431654676,47.9896402877698,51.9216037827376,47.0461173630522,0.841383924949693
"London","Male",49,"45-49",2019,168,"US",51.4679166666667,49.1650595238095,52.3026226745984,47.7248176740447,0.852476720285306
"London","Male",54,"50-54",2019,172,"US",50.1335465116279,48.9268023255814,51.4278556971273,48.0034166770968,0.843226546508764
"London","Male",59,"55-59",2019,134,"US",50.1782089552239,48.5058208955224,51.5875430439225,47.812485287964,0.843667186247137
"London","Male",64,"60-64",2019,85,"US",48.0874117647059,50.8434117647059,47.2012375610189,50.6837709500464,0.815036129754711
"London","Male",69,"65-69",2019,108,"US",45.9571296296296,51.5566666666667,45.5554160655412,51.5234316247678,0.803857299017333
"London","Male",74,"70-74",2019,65,"US",45.9593846153846,50.7486153846154,45.9068651216491,48.9662806593135,0.785362858007072
"London","Male",79,"75-79",2019,67,"US",42.4823880597015,52.4705970149254,41.6314488696178,53.6779426670861,0.779696191788973
"London","Male",84,"80-84",2019,30,"US",40.7113333333333,52.1536666666667,40.7274594452765,52.4297447729582,0.759179887815479
"London","Male",85,"85_plus",2019,17,"US",35.0952941176471,50.5464705882353,37.9148762269953,52.7366263559989,0.729818991978156
"North East","Female",20,"under_20",2019,48,"US",54.394375,39.9754166666667,55.0084724081025,38.2913819901948,0.800671020926123
"North East","Female",24,"20-24",2019,34,"US",54.7014705882353,46.3908823529412,57.9575583800631,41.9326702394563,0.889180076641555
"North East","Female",29,"25-29",2019,38,"US",54.3763157894737,43.5457894736842,56.3297306369688,45.142735682942,0.89027978764504
"North East","Female",34,"30-34",2019,36,"US",52.5672222222222,44.0755555555556,54.6697605916049,41.3631982248809,0.827545886602488
"North East","Female",39,"35-39",2019,48,"US",54.7477083333333,46.1354166666667,53.6960104389062,46.8175872997898,0.864151234194318
"North East","Female",44,"40-44",2019,40,"US",51.1645,44.328,52.8165950894095,44.6175807597033,0.831538910501543
"North East","Female",49,"45-49",2019,57,"US",49.3250877192983,45.3231578947368,47.8017415166627,45.6651900032386,0.776299010567349
"North East","Female",54,"50-54",2019,58,"US",47.6381034482759,45.1689655172414,46.4862293517028,46.1373437628034,0.765284738237341
"North East","Female",59,"55-59",2019,61,"US",48.5375409836066,47.7931147540984,47.1227852064003,47.7394201820666,0.78802469347362
"North East","Female",64,"60-64",2019,67,"US",42.5731343283582,49.5791044776119,42.2171513238507,49.57058823309,0.749754251461434
"North East","Female",69,"65-69",2019,52,"US",44.0496153846154,49.8034615384615,43.1733425311223,51.1432286222499,0.774639481853822
"North East","Female",74,"70-74",2019,46,"US",39.7676086956522,50.8210869565217,39.0880624317866,50.4693758570001,0.722578088361643
"North East","Female",79,"75-79",2019,30,"US",38.4656666666667,50.0926666666667,36.0064008566997,50.990522903399,0.689783290420174
"North East","Female",84,"80-84",2019,16,"US",40.27375,47.65625,41.4087534435977,49.1041466530289,0.736214044000724
"North East","Female",85,"85_plus",2019,15,"US",35.858,53.0773333333333,36.7464725658649,51.4069244978637,0.703220323650939
"North East","Male",20,"under_20",2019,23,"US",54.9821739130435,48.584347826087,53.6466160265119,52.1191025157945,0.90573858969272
"North East","Male",24,"20-24",2019,19,"US",55.1373684210526,47.6415789473684,56.7852654877787,46.3533668519634,0.90836167559837
"North East","Male",29,"25-29",2019,28,"US",51.8878571428571,45.8525,51.8455971718254,50.5575530588265,0.869833615300264
"North East","Male",34,"30-34",2019,39,"US",55.2405128205128,44.8702564102564,55.8738060411978,44.3910821815005,0.876022971842784
"North East","Male",39,"35-39",2019,31,"US",50.0777419354839,45.3793548387097,51.9135133279892,46.2029825702043,0.833691869046838
"North East","Male",44,"40-44",2019,38,"US",53.9502631578947,48.6447368421053,53.4516018971714,46.5862399570808,0.85859476534207
"North East","Male",49,"45-49",2019,40,"US",50.99575,45.103,54.0413568599565,42.251833695264,0.826684873528169
"North East","Male",54,"50-54",2019,44,"US",48.5163636363636,49.2979545454546,47.3793719930758,48.0918521521402,0.794264192162221
"North East","Male",59,"55-59",2019,57,"US",46.3689473684211,48.8563157894737,44.6045847827939,50.0942816994233,0.781008443297421
"North East","Male",64,"60-64",2019,47,"US",44.8823404255319,51.5029787234043,44.9802926422406,50.6152728687193,0.789756066889699
"North East","Male",69,"65-69",2019,41,"US",44.2778048780488,52.6565853658537,44.1967519783971,54.3833102572574,0.812513132344882
"North East","Male",74,"70-74",2019,35,"US",44.0651428571429,51.6102857142857,44.9240351376246,51.1199453486422,0.793521606745013
"North East","Male",79,"75-79",2019,23,"US",42.3647826086957,53.2921739130435,40.9750943051874,52.0038551139939,0.758161413672893
"North East","Male",84,"80-84",2019,13,"US",42.4707692307692,49.5161538461539,40.8822116375271,51.9929708696938,0.757036446795169
"North East","Male",85,"85_plus",2019,12,"US",37.5,56.1983333333333,37.4566400172945,56.2351857579718,0.754485284125498
"North West","Female",20,"under_20",2019,107,"US",54.6156074766355,42.6190654205608,55.6271605908621,41.2333254309741,0.841725523791011
"North West","Female",24,"20-24",2019,108,"US",53.9187962962963,43.4863888888889,54.8501763157391,42.0758535474466,0.837537763125471
"North West","Female",29,"25-29",2019,114,"US",53.1923684210526,45.1476315789474,53.0240078493981,44.3506400682159,0.831983685019837
"North West","Female",34,"30-34",2019,163,"US",52.9560122699387,44.3398773006135,52.4963217847945,42.6783787079674,0.80808848681688
"North West","Female",39,"35-39",2019,139,"US",52.2453956834533,43.9171942446043,52.7692045942702,43.947801346664,0.82447318750356
"North West","Female",44,"40-44",2019,161,"US",50.5062111801242,46.638198757764,49.3058732903575,46.7584292493236,0.805080927915287
"North West","Female",49,"45-49",2019,153,"US",49.9034640522876,45.0670588235294,49.3220075709585,45.8454350868432,0.796688521498649
"North West","Female",54,"50-54",2019,166,"US",47.5934337349398,45.8015060240964,47.0869206053284,45.6207928880458,0.76729658689931
"North West","Female",59,"55-59",2019,151,"US",45.5511258278146,46.4333112582782,45.6836013368778,47.1466725779969,0.765780496591946
"North West","Female",64,"60-64",2019,134,"US",45.3066417910448,47.7855223880597,47.0252199467097,48.2635015911139,0.791723519547567
"North West","Female",69,"65-69",2019,131,"US",43.4140458015267,50.8916030534351,43.6704722783211,50.7263123395603,0.776378665733743
"North West","Female",74,"70-74",2019,141,"US",41.5866666666667,49.8170212765958,41.0458183471017,49.3930545075493,0.734864790037501
"North West","Female",79,"75-79",2019,70,"US",39.4421428571429,50.2111428571429,39.5769239729836,50.1688859506327,0.725416440547062
"North West","Female",84,"80-84",2019,32,"US",38.0234375,50.6875,37.6318593540614,51.8252485423926,0.718055952182537
"North West","Female",85,"85_plus",2019,40,"US",33.02075,50.596,32.4626747240176,51.6484025128291,0.64698194980694
"North West","Male",20,"under_20",2019,90,"US",55.4957777777778,48.3437777777778,55.5839212557661,45.7749985784858,0.883726854559074
"North West","Male",24,"20-24",2019,98,"US",54.6497959183674,47.2457142857143,55.1246675316746,46.7544204851752,0.884999743267811
"North West","Male",29,"25-29",2019,90,"US",51.9903333333333,46.4886666666667,53.5684839996786,44.4482246851052,0.840833154635513
"North West","Male",34,"30-34",2019,128,"US",53.539921875,46.007890625,53.4141389685725,44.7737884074072,0.841618651957806
"North West","Male",39,"35-39",2019,104,"US",52.4923076923077,47.9645192307692,53.6094391426758,48.2352686776224,0.874987932180373
"North West","Male",44,"40-44",2019,137,"US",51.8955474452555,46.3599270072993,51.8738232098581,45.9304353336572,0.83065875598018
"North West","Male",49,"45-49",2019,128,"US",50.537421875,49.10453125,50.5141379076846,50.4554436629106,0.852152848943591
"North West","Male",54,"50-54",2019,134,"US",49.7138059701493,48.644328358209,49.3849491768924,48.9085026743534,0.82535546423567
"North West","Male",59,"55-59",2019,130,"US",49.0919230769231,48.5945384615385,48.1152067719357,49.0197820127537,0.811195601464982
"North West","Male",64,"60-64",2019,108,"US",45.559537037037,49.780462962963,45.7047567796521,49.4559569169921,0.787515809176104
"North West","Male",69,"65-69",2019,106,"US",46.2298113207547,51.4859433962264,46.6135680910513,50.6806983901804,0.808407076705005
"North West","Male",74,"70-74",2019,123,"US",44.759593495935,54.3904878048781,44.476745026416,54.4663390199193,0.8160931368848
"North West","Male",79,"75-79",2019,72,"US",43.7344444444444,53.4198611111111,43.9960815936254,53.9620454492155,0.807090484762512
"North West","Male",84,"80-84",2019,36,"US",36.9172222222222,50.2983333333333,35.8175696580509,51.6745643077871,0.693971638813929
"North West","Male",85,"85_plus",2019,29,"US",38.1872413793103,54.0796551724138,35.6611670793688,52.6537395094024,0.701235331241759
"Northern Ireland","Female",20,"under_20",2019,53,"US",57.2328301886792,44.5479245283019,57.0686121202511,43.4359692664255,0.887399047727205
"Northern Ireland","Female",24,"20-24",2019,81,"US",54.8937037037037,45.2844444444445,55.3315403785188,45.5513481542528,0.877754449245306
"Northern Ireland","Female",29,"25-29",2019,69,"US",52.6215942028986,46.0505797101449,54.488930771688,44.3897572982351,0.854109736973624
"Northern Ireland","Female",34,"30-34",2019,81,"US",54.121975308642,47.3325925925926,53.5315670875924,46.0491034363415,0.854978856623418
"Northern Ireland","Female",39,"35-39",2019,47,"US",52.1536170212766,46.1397872340426,51.5833125649149,45.3716915764452,0.821535076178248
"Northern Ireland","Female",44,"40-44",2019,89,"US",50.4170786516854,45.8622471910112,49.7994902704498,46.3857748383249,0.807775520174296
"Northern Ireland","Female",49,"45-49",2019,100,"US",48.4152,45.0079,46.1923906109805,44.5121404623646,0.745463908366808
"Northern Ireland","Female",54,"50-54",2019,111,"US",47.6491891891892,48.9250450450451,48.0876567065422,49.9311151328676,0.818781142041693
"Northern Ireland","Female",59,"55-59",2019,102,"US",45.4785294117647,49.8521568627451,45.2723861283387,49.7489598215852,0.785316785854597
"Northern Ireland","Female",64,"60-64",2019,100,"US",44.0996,48.864,43.9235467210617,48.7366239877757,0.760980975138201
"Northern Ireland","Female",69,"65-69",2019,80,"US",43.9525,49.906875,43.9427185733443,48.6535153958418,0.760412830113572
"Northern Ireland","Female",74,"70-74",2019,74,"US",40.0098648648649,46.9621621621622,38.5241633706909,46.7005763432238,0.677727659463995
"Northern Ireland","Female",79,"75-79",2019,52,"US",39.7651923076923,52.8963461538462,39.3371855093745,52.684605537527,0.745852470234732
"Northern Ireland","Female",84,"80-84",2019,36,"US",35.3802777777778,50.2075,34.5594674990933,48.32198331243,0.642948491152123
"Northern Ireland","Female",85,"85_plus",2019,24,"US",36.6166666666667,51.93,35.0429193935934,50.5236090346904,0.672434480027483
"Northern Ireland","Male",20,"under_20",2019,62,"US",55.2358064516129,50.0045161290323,55.3235310473222,50.546803630115,0.918418508190689
"Northern Ireland","Male",24,"20-24",2019,72,"US",55.3433333333333,48.3995833333333,55.2938648524236,46.9140922366247,0.88898637540222
"Northern Ireland","Male",29,"25-29",2019,46,"US",52.8902173913044,49.435,52.7528864138084,50.5163516249808,0.881505409455356
"Northern Ireland","Male",34,"30-34",2019,51,"US",52.8480392156863,46.0139215686275,52.8008740180767,48.8250989978135,0.868572991726978
"Northern Ireland","Male",39,"35-39",2019,36,"US",51.39,49.1669444444445,53.8089288687637,51.9318265185764,0.90663067419051
"Northern Ireland","Male",44,"40-44",2019,48,"US",52.365,47.360625,51.5550528093784,49.2362172878018,0.855350752020958
"Northern Ireland","Male",49,"45-49",2019,79,"US",51.2426582278481,49.9563291139241,49.989456507171,49.4449764688386,0.837326170614447
"Northern Ireland","Male",54,"50-54",2019,81,"US",48.5423456790124,49.4832098765432,46.9938710432556,48.8378733517271,0.796573321471108
"Northern Ireland","Male",59,"55-59",2019,94,"US",47.2501063829787,49.3492553191489,47.1945710821054,48.8449433192461,0.798945641614363
"Northern Ireland","Male",64,"60-64",2019,74,"US",46.8591891891892,51.6698648648649,45.9481509416532,51.9722776872795,0.811888548649334
"Northern Ireland","Male",69,"65-69",2019,68,"US",47.0141176470588,52.8442647058824,46.0999047390965,51.6581097644809,0.810947810063093
"Northern Ireland","Male",74,"70-74",2019,62,"US",44.7029032258065,52.4504838709678,43.3849400601347,50.4172647203692,0.770482201083598
"Northern Ireland","Male",79,"75-79",2019,40,"US",43.7645,54.893,44.1312338617991,54.6149637648661,0.813626056883187
"Northern Ireland","Male",84,"80-84",2019,29,"US",43.9168965517241,53.7379310344828,44.8448177351581,54.4488797638288,0.819820077123205
"Northern Ireland","Male",85,"85_plus",2019,18,"US",37.2888888888889,46.0727777777778,35.243143365346,43.1441593203021,0.593687863147425
"Scotland","Female",20,"under_20",2019,79,"US",55.8541772151899,38.8816455696203,55.3683613427063,38.764108478145,0.811756795005455
"Scotland","Female",24,"20-24",2019,86,"US",56.4883720930233,41.0245348837209,55.6201431523434,40.8940589910245,0.838188332132814
"Scotland","Female",29,"25-29",2019,78,"US",53.8264102564103,43.0801282051282,53.8527614283678,41.993730013561,0.82122780646108
"Scotland","Female",34,"30-34",2019,92,"US",52.0538043478261,43.6975,51.7175579116316,44.9683547112381,0.819550150367324
"Scotland","Female",39,"35-39",2019,80,"US",51.201875,46.8075,49.6380765022949,46.0281935068901,0.802386396239628
"Scotland","Female",44,"40-44",2019,107,"US",52.4264485981308,44.6994392523365,50.9332498961034,44.1977085935712,0.8015508179216
"Scotland","Female",49,"45-49",2019,136,"US",49.2379411764706,43.6906617647059,46.071224079908,43.0476115955964,0.728607461197349
"Scotland","Female",54,"50-54",2019,157,"US",49.5530573248408,47.3861146496815,49.3663577017666,47.0600147774799,0.808615167335792
"Scotland","Female",59,"55-59",2019,152,"US",49.0519736842105,48.07625,48.925566628775,47.347841776046,0.805852072803035
"Scotland","Female",64,"60-64",2019,139,"US",45.6942446043165,48.2592805755396,45.4658867869277,47.2404835770372,0.764185613269687
"Scotland","Female",69,"65-69",2019,122,"US",44.9232786885246,51.8043442622951,44.7278134902224,51.9868076104534,0.798763880872602
"Scotland","Female",74,"70-74",2019,118,"US",44.866186440678,50.8596610169492,43.8514703663442,50.7312597537036,0.778403501608277
"Scotland","Female",79,"75-79",2019,81,"US",40.9081481481482,52.0886419753087,38.8586777122072,51.6084317206619,0.730590155266395
"Scotland","Female",84,"80-84",2019,53,"US",39.0201886792453,49.928679245283,38.479156019603,46.9171075054304,0.679472617772998
"Scotland","Female",85,"85_plus",2019,33,"US",37.6833333333333,53.1787878787879,37.2510798547225,51.0642500937633,0.706204197685973
"Scotland","Male",20,"under_20",2019,58,"US",56.1272413793104,47.2962068965517,56.0653456609351,48.966012405364,0.917848576933623
"Scotland","Male",24,"20-24",2019,55,"US",55.4054545454546,44.7465454545455,56.6202564249062,43.9114185150148,0.884065120222786
"Scotland","Male",29,"25-29",2019,57,"US",56.1580701754386,45.5849122807018,56.7066722717025,47.0282984469088,0.912693778189142
"Scotland","Male",34,"30-34",2019,67,"US",55.3897014925373,45.1723880597015,56.1414879760122,41.8065452306451,0.856000560359463
"Scotland","Male",39,"35-39",2019,68,"US",54.7073529411765,48.4720588235294,55.1862458325156,48.6147106492414,0.90136599466518
"Scotland","Male",44,"40-44",2019,89,"US",52.2213483146068,46.8519101123596,51.4131887547631,45.8212158333193,0.823446047809979
"Scotland","Male",49,"45-49",2019,128,"US",51.734375,48.509296875,51.7126581206806,47.644364594638,0.843857662067864
"Scotland","Male",54,"50-54",2019,116,"US",50.1406896551724,49.4088793103448,50.4162321081216,50.3253817702563,0.849886439433007
"Scotland","Male",59,"55-59",2019,132,"US",49.1228787878788,49.1262121212121,48.0366449724432,48.6286222844365,0.806807228683705
"Scotland","Male",64,"60-64",2019,112,"US",47.7024107142857,51.6536607142857,47.2928888785929,51.7557232028215,0.824958129975194
"Scotland","Male",69,"65-69",2019,100,"US",45.0531,51.346,44.161659204409,51.0754201452417,0.784817345590133
"Scotland","Male",74,"70-74",2019,106,"US",44.4148113207547,53.5938679245283,44.0650818759117,53.34251823452,0.802851900966734
"Scotland","Male",79,"75-79",2019,66,"US",45.0440909090909,53.1612121212121,44.8268108233772,54.1531199288198,0.817342523816325
"Scotland","Male",84,"80-84",2019,44,"US",43.2961363636364,49.2204545454545,43.595586734131,48.4294889064771,0.75439336062499
"Scotland","Male",85,"85_plus",2019,18,"US",39.9927777777778,52.9877777777778,40.5442421352012,52.6762145520601,0.7593111470343
"South East","Female",20,"under_20",2019,103,"US",55.5861165048544,40.9853398058252,55.7455911775931,39.0115572549604,0.820734333335012
"South East","Female",24,"20-24",2019,128,"US",54.906015625,40.799453125,55.3853927862536,42.0910666374519,0.846280659988759
"South East","Female",29,"25-29",2019,136,"US",54.0165441176471,41.4229411764706,53.9369655801165,40.2612895112362,0.804704198050606
"South East","Female",34,"30-34",2019,148,"US",53.2324324324324,45.4375675675676,53.2835756777267,44.2058537119898,0.83437021642544
"South East","Female",39,"35-39",2019,137,"US",53.0547445255475,46.0971532846715,53.064568684551,46.2441295568831,0.850027536650127
"South East","Female",44,"40-44",2019,180,"US",52.9176111111111,46.9201111111111,52.6770845011634,46.0624254798647,0.842931857911368
"South East","Female",49,"45-49",2019,188,"US",49.623670212766,47.2118085106383,49.7501182436923,46.9588290551209,0.812456574352961
"South East","Female",54,"50-54",2019,193,"US",49.9374611398964,47.2594300518135,48.9930418814731,46.3236407861832,0.797146121303906
"South East","Female",59,"55-59",2019,191,"US",49.7981151832461,48.6949738219895,49.865855290323,48.4741683630022,0.827463357866522
"South East","Female",64,"60-64",2019,176,"US",48.7171022727273,48.1363636363636,48.626284555773,48.8226094612313,0.8154950079915
"South East","Female",69,"65-69",2019,166,"US",47.5422891566265,51.7610843373494,47.3225622598419,52.1974073847168,0.828856044129942
"South East","Female",74,"70-74",2019,188,"US",44.1901595744681,50.889414893617,43.3403503823536,50.6636732925286,0.77220422936106
"South East","Female",79,"75-79",2019,94,"US",41.3592553191489,52.6413829787234,41.0684654653084,52.6666345074928,0.765000442471225
"South East","Female",84,"80-84",2019,75,"US",41.618,51.7269333333333,41.5779761111543,52.2171505420977,0.766667122468913
"South East","Female",85,"85_plus",2019,48,"US",34.725625,52.5627083333333,35.0196071943504,51.2725811681373,0.679553908302685
"South East","Male",20,"under_20",2019,106,"US",54.7580188679245,45.1700943396226,54.2039295791078,45.1595797136533,0.856869937169015
"South East","Male",24,"20-24",2019,77,"US",55.5828571428572,44.5076623376623,55.5391222456142,44.7709803767744,0.874062454949672
"South East","Male",29,"25-29",2019,96,"US",54.4907291666667,43.9694791666667,55.2729974463422,43.2298243653293,0.855483060553867
"South East","Male",34,"30-34",2019,96,"US",52.8223958333333,46.6863541666667,53.3535825765767,46.3574596266813,0.855162379017944
"South East","Male",39,"35-39",2019,89,"US",53.8969662921348,47.0892134831461,53.5653962557284,45.842004218176,0.853610656150109
"South East","Male",44,"40-44",2019,140,"US",52.3562142857143,48.4477142857143,50.6873202807069,47.8575532631347,0.832376694431764
"South East","Male",49,"45-49",2019,145,"US",51.7141379310345,49.1873793103448,51.9115779318748,48.5793218079842,0.854528973815787
"South East","Male",54,"50-54",2019,153,"US",52.6041176470588,49.6419607843137,51.984160188755,49.5086548730557,0.863213502043029
"South East","Male",59,"55-59",2019,151,"US",51.4135761589404,50.6750993377484,50.7642483314745,51.1078576802821,0.860463415471591
"South East","Male",64,"60-64",2019,147,"US",50.4024489795918,50.7723129251701,49.8138787209921,49.7540731477852,0.837779315896293
"South East","Male",69,"65-69",2019,125,"US",47.44408,52.13376,45.9073542919086,51.4047088812933,0.806713735638069
"South East","Male",74,"70-74",2019,154,"US",47.6094805194805,53.6688311688312,48.4574584047587,54.1402581013362,0.856402456438175
"South East","Male",79,"75-79",2019,86,"US",46.2395348837209,52.1904651162791,45.1720711512552,52.6593664962511,0.809117613120745
"South East","Male",84,"80-84",2019,48,"US",40.3977083333333,52.604375,39.203466459358,52.7571924714512,0.744974231495735
"South East","Male",85,"85_plus",2019,36,"US",38.3094444444444,53.3475,38.3007020169525,54.6873717589432,0.751382768086288
"South West","Female",20,"under_20",2019,72,"US",55.2056944444445,41.5651388888889,54.401081415793,41.7416465386289,0.827140161825209
"South West","Female",24,"20-24",2019,65,"US",55.6163076923077,43.4130769230769,55.6556322677397,43.5410885686021,0.864602634432961
"South West","Female",29,"25-29",2019,57,"US",54.5961403508772,43.9810526315789,53.5596303411365,41.7277452497814,0.814105131565363
"South West","Female",34,"30-34",2019,111,"US",53.2818018018018,44.5102702702703,53.2953970020778,44.9297585367347,0.841344235769988
"South West","Female",39,"35-39",2019,77,"US",51.9,45.1674025974026,51.5270778810116,46.1825140222759,0.82830105171531
"South West","Female",44,"40-44",2019,98,"US",52.2609183673469,46.2461224489796,52.2419969106861,46.5303242837869,0.841129094937142
"South West","Female",49,"45-49",2019,132,"US",49.1861363636364,45.0015909090909,48.284210392035,44.6634161457702,0.772271999274105
"South West","Female",54,"50-54",2019,140,"US",48.4899285714286,47.8121428571429,50.4056859815538,48.9095668405552,0.83793987236837
"South West","Female",59,"55-59",2019,149,"US",50.4164429530201,47.8010738255034,50.2579499154774,47.9325604251821,0.827595024865899
"South West","Female",64,"60-64",2019,111,"US",48.4298198198198,49.5763963963964,48.2232750824462,49.6895895434624,0.818287692073317
"South West","Female",69,"65-69",2019,124,"US",46.4313709677419,50.5645161290323,45.5485114890342,50.0363225415589,0.790944341122719
"South West","Female",74,"70-74",2019,131,"US",46.4790839694657,51.4023664122137,46.1295516512209,50.6798949995393,0.803007081730367
"South West","Female",79,"75-79",2019,73,"US",43.2495890410959,51.2389041095891,42.6056852830569,51.5721289214409,0.772229014895809
"South West","Female",84,"80-84",2019,49,"US",37.0163265306122,51.4175510204082,37.5134039947819,51.4302854412221,0.712906907184157
"South West","Female",85,"85_plus",2019,36,"US",38.73,51.6413888888889,37.4778884571187,51.913381787576,0.717015196993867
"South West","Male",20,"under_20",2019,57,"US",54.3787719298246,44.1119298245614,54.0462267528225,42.8880302947369,0.833032651062567
"South West","Male",24,"20-24",2019,67,"US",55.790447761194,43.1619402985075,55.1659448006113,44.6153911471021,0.866714268532563
"South West","Male",29,"25-29",2019,52,"US",55.9378846153846,46.9401923076923,57.3059889415304,42.5718664909019,0.883494499710581
"South West","Male",34,"30-34",2019,85,"US",54.3734117647059,45.3958823529412,54.8947127919785,41.9716435632989,0.837212668664623
"South West","Male",39,"35-39",2019,60,"US",53.7861666666667,47.005,53.8540055904947,49.4342684126211,0.888244873827584
"South West","Male",44,"40-44",2019,68,"US",53.1797058823529,48.234705882353,51.7976096589448,48.2244825103155,0.850000835143699
"South West","Male",49,"45-49",2019,105,"US",51.8450476190476,48.4980952380952,51.2519902252363,47.8257828620532,0.839382891006083
"South West","Male",54,"50-54",2019,111,"US",50.3242342342342,48.8363963963964,49.2991196321986,47.7912816390644,0.814439038103931
"South West","Male",59,"55-59",2019,114,"US",47.5585087719298,49.8522807017544,46.9487032155764,48.7682779933735,0.795427782228728
"South West","Male",64,"60-64",2019,116,"US",48.2422413793104,51.0588793103448,46.4939043048491,49.7207092256837,0.798741802088974
"South West","Male",69,"65-69",2019,101,"US",47.2928712871287,53.8261386138614,47.6220024320861,53.3937442652233,0.841538233730707
"South West","Male",74,"70-74",2019,105,"US",46.8172380952381,52.3748571428572,46.3207814903416,51.4522027481143,0.811663420605968
"South West","Male",79,"75-79",2019,65,"US",44.6603076923077,51.928,44.6911490740456,52.3439203606311,0.801350552820625
"South West","Male",84,"80-84",2019,46,"US",41.3189130434783,51.3571739130435,40.873284090478,52.5922515989047,0.76221000079402
"South West","Male",85,"85_plus",2019,19,"US",37.5273684210526,53.9994736842105,38.7938992377559,53.8067404872693,0.749495694415647
"Wales","Female",20,"under_20",2019,44,"US",55.3438636363636,45.5613636363636,53.7560311256073,46.5908857622029,0.863041451872613
"Wales","Female",24,"20-24",2019,66,"US",52.5427272727273,42.3701515151515,51.8751660825261,43.0014886599121,0.802549552039166
"Wales","Female",29,"25-29",2019,75,"US",53.1666666666667,42.1297333333333,52.3907480540717,42.7866477954999,0.807665386826372
"Wales","Female",34,"30-34",2019,89,"US",53.798202247191,42.2647191011236,53.2121679095842,41.8980430875954,0.810643407724502
"Wales","Female",39,"35-39",2019,65,"US",51.3827692307692,43.4156923076923,52.2132750468399,42.3080913796522,0.80031343033326
"Wales","Female",44,"40-44",2019,80,"US",51.205625,42.743375,49.7102952412321,41.1664759751296,0.75409919074582
"Wales","Female",49,"45-49",2019,85,"US",49.17,46.7991764705882,48.4877060996557,46.9188834450534,0.796570113110226
"Wales","Female",54,"50-54",2019,114,"US",48.7721929824561,44.3732456140351,49.3611927234698,44.1072032793597,0.780183458566263
"Wales","Female",59,"55-59",2019,107,"US",45.4430841121495,47.2768224299066,45.7225887969791,47.851899937685,0.772948932109403
"Wales","Female",64,"60-64",2019,96,"US",46.8058333333333,46.2730208333333,46.9224663040049,46.5409779008655,0.774335869184211
"Wales","Female",69,"65-69",2019,101,"US",44.6355445544554,48.4179207920792,44.3151252072596,50.2047226498184,0.778804893731095
"Wales","Female",74,"70-74",2019,77,"US",45.5387012987013,50.2318181818182,45.9368756025216,49.7304753058757,0.792567621951069
"Wales","Female",79,"75-79",2019,66,"US",40.6804545454545,52.0165151515152,38.3609610255654,52.7162717809498,0.734884692366224
"Wales","Female",84,"80-84",2019,33,"US",40.5560606060606,50.3124242424243,39.3748299523296,50.4012441720526,0.725280878231428
"Wales","Female",85,"85_plus",2019,22,"US",35.1663636363636,47.6981818181818,32.7745383723266,47.3233010619148,0.605773610945989
"Wales","Male",20,"under_20",2019,35,"US",54.7245714285714,49.7411428571429,54.317966138452,49.4420265034507,0.894997107346544
"Wales","Male",24,"20-24",2019,45,"US",53.4424444444445,46.2166666666667,53.2553921519484,45.1107763696083,0.842443725928973
"Wales","Male",29,"25-29",2019,49,"US",55.1902040816327,47.4820408163265,54.2836169949801,43.2343594950851,0.84002111923596
"Wales","Male",34,"30-34",2019,64,"US",53.575625,44.20921875,54.388016100102,43.8265202229954,0.847279710676023
"Wales","Male",39,"35-39",2019,49,"US",52.6630612244898,46.959387755102,52.5777035736216,44.1786245203843,0.823965640225422
"Wales","Male",44,"40-44",2019,75,"US",52.1937333333333,46.3792,50.0843001465159,44.9613939131797,0.79786075748862
"Wales","Male",49,"45-49",2019,67,"US",49.8498507462687,46.7125373134328,48.5843153008376,47.1207881710181,0.799617956437642
"Wales","Male",54,"50-54",2019,88,"US",50.3895454545455,49.6502272727273,50.2681010099496,50.7063640079861,0.851152459897267
"Wales","Male",59,"55-59",2019,74,"US",48.6983783783784,49.9367567567568,48.1665630293199,50.5198438372086,0.82467670886824
"Wales","Male",64,"60-64",2019,86,"US",45.2516279069767,49.2208139534884,42.8331906296541,48.921504664749,0.750521160223673
"Wales","Male",69,"65-69",2019,75,"US",47.0245333333333,51.1652,47.2414472640376,51.1417675970057,0.819329348500408
"Wales","Male",74,"70-74",2019,74,"US",43.140945945946,51.8777027027027,43.5936302341448,52.8226908422261,0.793567072839768
"Wales","Male",79,"75-79",2019,52,"US",43.0607692307692,50.4169230769231,43.4106144562808,50.2213064407415,0.768994736032168
"Wales","Male",84,"80-84",2019,31,"US",40.0754838709678,52.6,39.7998815477071,52.2789130970025,0.747481502933771
"Wales","Male",85,"85_plus",2019,22,"US",38.6527272727273,48.9318181818182,37.3547740417175,48.3647202878651,0.680584509143118
"West Midlands","Female",20,"under_20",2019,83,"US",56.1185542168675,41.8921686746988,56.8594129596593,37.6936518618384,0.825964570027729
"West Midlands","Female",24,"20-24",2019,130,"US",53.3538461538462,40.5274615384615,52.2797143947526,42.5873522781195,0.804084077068265
"West Midlands","Female",29,"25-29",2019,105,"US",52.8415238095238,43.8705714285714,53.0695035873816,44.4050600188477,0.83315540622362
"West Midlands","Female",34,"30-34",2019,137,"US",52.9636496350365,44.5348905109489,54.7101070659325,43.1596240554094,0.845903854026782
"West Midlands","Female",39,"35-39",2019,97,"US",50.9890721649485,43.9379381443299,51.9473448923946,43.1573939084095,0.805113798301045
"West Midlands","Female",44,"40-44",2019,140,"US",51.3132142857143,46.1042142857143,50.4308665374269,45.8423119636364,0.810740637825632
"West Midlands","Female",49,"45-49",2019,118,"US",49.3054237288136,46.9300847457627,50.6213117015003,46.5575044796767,0.819842371112401
"West Midlands","Female",54,"50-54",2019,146,"US",47.652397260274,45.638698630137,48.0779357240257,46.0716356124349,0.783578792176266
"West Midlands","Female",59,"55-59",2019,122,"US",46.7554098360656,47.2690163934426,46.7792275607057,46.7565580384465,0.77473031191891
"West Midlands","Female",64,"60-64",2019,115,"US",43.5284347826087,46.9054782608696,43.1767670335855,48.1356578767252,0.746854756952843
"West Midlands","Female",69,"65-69",2019,93,"US",44.8365591397849,49.3479569892473,45.6478107588089,49.7406479202193,0.789426103703841
"West Midlands","Female",74,"70-74",2019,83,"US",43.635421686747,51.1632530120482,45.012395355723,51.4959165182739,0.797702704623632
"West Midlands","Female",79,"75-79",2019,65,"US",44.7372307692308,51.2266153846154,44.8921542090459,51.9478775305505,0.800214109997713
"West Midlands","Female",84,"80-84",2019,38,"US",39.5526315789474,51.2952631578947,39.65708852025,50.9412781535111,0.733636818453406
"West Midlands","Female",85,"85_plus",2019,30,"US",35.0626666666667,45.8523333333333,35.8861603892821,45.3135692873342,0.628130734102162
"West Midlands","Male",20,"under_20",2019,87,"US",55.3391954022989,47.3311494252874,57.1160773685524,45.2785475682374,0.904760345838876
"West Midlands","Male",24,"20-24",2019,70,"US",54.7682857142857,47.2518571428571,54.7367115138653,45.7779390061874,0.870518198202056
"West Midlands","Male",29,"25-29",2019,69,"US",53.0004347826087,45.1247826086957,53.5875758801258,45.1512828136343,0.847648546375119
"West Midlands","Male",34,"30-34",2019,84,"US",52.2151190476191,44.2772619047619,51.1931516626987,40.45482589432,0.766526144016915
"West Midlands","Male",39,"35-39",2019,68,"US",51.6314705882353,46.3319117647059,52.7623178392531,47.409700221527,0.856057604741015
"West Midlands","Male",44,"40-44",2019,81,"US",52.7564197530864,50.4611111111111,53.6701151091059,49.8148290580682,0.888650128859942
"West Midlands","Male",49,"45-49",2019,99,"US",49.3530303030303,46.3232323232323,48.8101041723225,46.7168915743267,0.798599310511248
"West Midlands","Male",54,"50-54",2019,106,"US",51.2372641509434,48.438962264151,51.297570391663,48.6964650570156,0.847476932693795
"West Midlands","Male",59,"55-59",2019,105,"US",49.6088571428572,49.7717142857143,49.233285617801,49.4613998286511,0.828282918490783
"West Midlands","Male",64,"60-64",2019,96,"US",46.3276041666667,52.364375,46.5862936906223,52.8747724162638,0.826142636934685
"West Midlands","Male",69,"65-69",2019,80,"US",44.748125,51.174625,44.7522615708139,52.2675507978341,0.801373855649393
"West Midlands","Male",74,"70-74",2019,95,"US",46.3136842105263,53.7613684210526,45.2405284490092,53.7534045592195,0.818597185494033
"West Midlands","Male",79,"75-79",2019,57,"US",44.0638596491228,51.2477192982456,44.3460817017946,51.9412063040734,0.794256694153964
"West Midlands","Male",84,"80-84",2019,33,"US",38.4830303030303,54.1254545454546,37.3310950489435,54.7851531626094,0.740928303079815
"West Midlands","Male",85,"85_plus",2019,13,"US",36.5592307692308,51.5823076923077,39.0069560593962,50.6507561676096,0.723352330546184
"Yorkshire and The Humber","Female",20,"under_20",2019,93,"US",53.6077419354839,43.7486021505376,54.9660680445014,42.2231644594127,0.840833969220633
"Yorkshire and The Humber","Female",24,"20-24",2019,101,"US",53.3969306930693,43.1938613861386,53.2605446628029,44.3611977109013,0.835507285758192
"Yorkshire and The Humber","Female",29,"25-29",2019,119,"US",53.7391596638656,41.4696638655462,53.8653145687046,40.7946655479907,0.809173203251151
"Yorkshire and The Humber","Female",34,"30-34",2019,130,"US",52.5788461538462,44.2150769230769,54.1336444066245,42.4623855963214,0.830185734710723
"Yorkshire and The Humber","Female",39,"35-39",2019,104,"US",51.2173076923077,44.3018269230769,52.1392138352232,44.8095361648802,0.823836676456301
"Yorkshire and The Humber","Female",44,"40-44",2019,121,"US",50.9819008264463,45.7104958677686,50.6385014231425,47.0472344493134,0.824523262707287
"Yorkshire and The Humber","Female",49,"45-49",2019,145,"US",49.8404827586207,47.0803448275862,49.3629591066988,46.6053706286654,0.804364483263098
"Yorkshire and The Humber","Female",54,"50-54",2019,132,"US",48.415303030303,47.4859848484849,47.3938011807952,48.1698671978109,0.795145636082521
"Yorkshire and The Humber","Female",59,"55-59",2019,115,"US",47.0350434782609,47.278347826087,47.1545077974809,47.0686776637648,0.782105837995383
"Yorkshire and The Humber","Female",64,"60-64",2019,108,"US",44.6423148148148,49.507962962963,43.7660502099181,49.020485745124,0.761883135549121
"Yorkshire and The Humber","Female",69,"65-69",2019,101,"US",45.5074257425743,50.4860396039604,46.4318727433183,50.5627759224646,0.805368144133655
"Yorkshire and The Humber","Female",74,"70-74",2019,112,"US",44.1478571428571,49.721875,44.7046224141399,49.8560036668642,0.77997695660502
"Yorkshire and The Humber","Female",79,"75-79",2019,61,"US",44.4791803278689,51.6985245901639,44.7363254312243,51.148837787343,0.791721190714041
"Yorkshire and The Humber","Female",84,"80-84",2019,44,"US",38.0822727272727,50.1186363636364,38.3993963001532,50.5479509073268,0.715179763775571
"Yorkshire and The Humber","Female",85,"85_plus",2019,30,"US",32.0866666666667,52.1866666666667,32.4132874580346,52.4231428317355,0.653935752039434
"Yorkshire and The Humber","Male",20,"under_20",2019,70,"US",54.8594285714286,47.455,54.612862587868,46.7292216215582,0.876957317481368
"Yorkshire and The Humber","Male",24,"20-24",2019,67,"US",54.2410447761194,45.2749253731343,54.2273370287102,47.411391753372,0.877032224789804
"Yorkshire and The Humber","Male",29,"25-29",2019,86,"US",54.5259302325581,47.2741860465116,53.3757765092313,47.2987080515732,0.863719512445175
"Yorkshire and The Humber","Male",34,"30-34",2019,97,"US",53.2769072164949,48.3535051546392,51.9552174196542,50.3911481967027,0.869943031963768
"Yorkshire and The Humber","Male",39,"35-39",2019,75,"US",53.6570666666667,47.8162666666667,54.9002817852929,47.5962705208845,0.888671315799387
"Yorkshire and The Humber","Male",44,"40-44",2019,94,"US",51.4602127659575,48.8313829787234,50.7267970249403,48.5298551806608,0.838733117633953
"Yorkshire and The Humber","Male",49,"45-49",2019,124,"US",50.9804032258065,48.1608064516129,50.0046497851087,49.0265413295114,0.833954755486187
"Yorkshire and The Humber","Male",54,"50-54",2019,126,"US",49.5807936507937,48.3668253968254,49.1684446197717,47.2223539090903,0.807669218949355
"Yorkshire and The Humber","Male",59,"55-59",2019,102,"US",48.7396078431373,48.9446078431373,48.9680671830099,48.6792219376969,0.818320469467473
"Yorkshire and The Humber","Male",64,"60-64",2019,93,"US",46.7005376344086,49.9622580645161,46.0449595134464,47.8338918948436,0.776464327915265
"Yorkshire and The Humber","Male",69,"65-69",2019,84,"US",46.2330952380952,51.8965476190476,46.5306330640681,51.9072518208845,0.817740221733258
"Yorkshire and The Humber","Male",74,"70-74",2019,103,"US",44.3792233009709,51.7765048543689,42.9128740008799,52.4631965296308,0.783250853292249
"Yorkshire and The Humber","Male",79,"75-79",2019,58,"US",42.8027586206897,52.9429310344828,43.0307955745803,53.2952679153977,0.791476740700969
"Yorkshire and The Humber","Male",84,"80-84",2019,34,"US",41.4964705882353,50.3273529411765,42.2933987751396,49.7625312704997,0.752402137383236
"Yorkshire and The Humber","Male",85,"85_plus",2019,16,"US",35.86125,52.859375,39.8069073904857,54.4604218484719,0.766389065709265
